id,service,commit_hash,deployed_at,environment,status,author,changelog
DEP-1000,auth-service,cdd640f,2026-09-25T08:36:00Z,production,SUCCESS,marcus.v,Release v2.5.1 - updates for auth-service
DEP-1001,auth-service,7c03119,2026-08-30T14:57:00Z,production,SUCCESS,alex.chen,Release v2.7.3 - updates for auth-service
DEP-1002,payment-gateway,42e7062,2026-08-31T22:54:00Z,production,SUCCESS,elena.r,Release v2.18.6 - updates for payment-gateway
DEP-1003,order-processing,a6da1da,2026-09-06T01:16:00Z,production,SUCCESS,marcus.v,Release v2.1.2 - updates for order-processing
DEP-1004,search-indexer,5722938,2026-09-11T00:17:00Z,production,SUCCESS,sarah.k,Release v2.25.5 - updates for search-indexer
DEP-1005,auth-service,7142ea7,2026-09-22T06:37:00Z,production,SUCCESS,alex.chen,Release v2.12.9 - updates for auth-service
DEP-1006,inventory-api,cacfb3d,2026-09-24T12:28:00Z,production,SUCCESS,priya.n,Release v2.13.1 - updates for inventory-api
DEP-1007,inventory-api,ae574f7,2026-08-28T21:17:00Z,production,SUCCESS,marcus.v,Release v2.23.1 - updates for inventory-api
DEP-1008,payment-gateway,d5e7ce8,2026-09-16T03:00:00Z,production,ROLLED_BACK,marcus.v,Release v2.28.3 - updates for payment-gateway
DEP-1009,auth-service,5729473,2026-09-09T04:44:00Z,production,SUCCESS,priya.n,Release v2.12.2 - updates for auth-service
DEP-1010,user-profile,45a240a,2026-09-10T07:52:00Z,production,SUCCESS,elena.r,Release v2.22.1 - updates for user-profile
DEP-1011,checkout-service,caa80dd,2026-09-02T04:30:00Z,production,SUCCESS,sarah.k,Release v2.13.4 - updates for checkout-service
DEP-1012,order-processing,e7c524a,2026-09-11T17:43:00Z,production,SUCCESS,alex.chen,Release v2.2.5 - updates for order-processing
DEP-1013,search-indexer,20f1bc8,2026-09-14T07:29:00Z,production,FAILED,sarah.k,Release v2.19.5 - updates for search-indexer
DEP-1014,order-processing,8fcd9eb,2026-08-27T16:01:00Z,production,FAILED,priya.n,Release v2.21.7 - updates for order-processing
DEP-1015,checkout-service,33bed01,2026-09-14T10:36:00Z,production,SUCCESS,sarah.k,Release v2.18.4 - updates for checkout-service
DEP-1016,search-indexer,763f1c9,2026-08-30T22:33:00Z,production,SUCCESS,marcus.v,Release v2.5.8 - updates for search-indexer
DEP-1017,notification-worker,d17af08,2026-09-22T08:38:00Z,production,FAILED,alex.chen,Release v2.5.2 - updates for notification-worker
DEP-1018,search-indexer,20435a1,2026-08-30T08:29:00Z,production,SUCCESS,priya.n,Release v2.15.8 - updates for search-indexer
DEP-1019,inventory-api,ec5c0ee,2026-09-01T07:39:00Z,production,SUCCESS,alex.chen,Release v2.4.8 - updates for inventory-api
DEP-1020,inventory-api,6715bd6,2026-08-28T07:49:00Z,production,SUCCESS,alex.chen,Release v2.6.7 - updates for inventory-api
DEP-1021,payment-gateway,9026695,2026-09-14T12:14:00Z,production,SUCCESS,sarah.k,Release v2.4.4 - updates for payment-gateway
DEP-1022,order-processing,6fb8d16,2026-09-19T12:59:00Z,production,SUCCESS,sarah.k,Release v2.25.8 - updates for order-processing
DEP-1023,payment-gateway,62fbe43,2026-08-30T05:43:00Z,production,SUCCESS,priya.n,Release v2.12.4 - updates for payment-gateway
DEP-1024,order-processing,4da9c2a,2026-09-23T20:39:00Z,production,ROLLED_BACK,jordan.b,Release v2.3.7 - updates for order-processing
DEP-1025,auth-service,d40db9b,2026-09-02T06:04:00Z,production,SUCCESS,sarah.k,Release v2.16.8 - updates for auth-service
DEP-1026,checkout-service,9715a10,2026-09-14T10:25:00Z,production,SUCCESS,jordan.b,Release v2.7.8 - updates for checkout-service
DEP-1027,order-processing,76245bf,2026-09-12T07:27:00Z,production,SUCCESS,elena.r,Release v2.15.8 - updates for order-processing
DEP-1028,notification-worker,4f76be1,2026-09-20T23:45:00Z,production,SUCCESS,sarah.k,Release v2.1.9 - updates for notification-worker
DEP-1029,order-processing,48602ab,2026-08-30T17:11:00Z,production,SUCCESS,alex.chen,Release v2.21.0 - updates for order-processing
DEP-1030,order-processing,f7c99b2,2026-09-23T10:18:00Z,production,FAILED,alex.chen,Release v2.3.8 - updates for order-processing
DEP-1031,order-processing,bb4220a,2026-09-13T19:45:00Z,production,SUCCESS,priya.n,Release v2.5.9 - updates for order-processing
DEP-1032,notification-worker,d8dcd19,2026-09-15T10:30:00Z,production,SUCCESS,priya.n,Release v2.7.1 - updates for notification-worker
DEP-1033,auth-service,7e595ed,2026-08-27T12:08:00Z,production,SUCCESS,marcus.v,Release v2.15.0 - updates for auth-service
DEP-1034,auth-service,7712303,2026-09-23T17:43:00Z,production,SUCCESS,elena.r,Release v2.28.1 - updates for auth-service
DEP-1035,order-processing,40b187e,2026-09-17T18:39:00Z,production,SUCCESS,jordan.b,Release v2.14.2 - updates for order-processing
DEP-1036,inventory-api,4ff350b,2026-09-05T10:37:00Z,production,SUCCESS,alex.chen,Release v2.28.8 - updates for inventory-api
DEP-1037,auth-service,b6f2f7b,2026-09-24T04:40:00Z,production,FAILED,jordan.b,Release v2.3.3 - updates for auth-service
DEP-1038,checkout-service,8c52fa1,2026-09-08T00:01:00Z,production,SUCCESS,priya.n,Release v2.13.0 - updates for checkout-service
DEP-1039,checkout-service,108d412,2026-09-09T05:59:00Z,production,SUCCESS,priya.n,Release v2.26.7 - updates for checkout-service
DEP-1040,inventory-api,c253d21,2026-09-07T05:53:00Z,production,ROLLED_BACK,elena.r,Release v2.18.7 - updates for inventory-api
DEP-1041,checkout-service,5bf50b5,2026-09-17T20:30:00Z,production,ROLLED_BACK,sarah.k,Release v2.19.8 - updates for checkout-service
DEP-1042,payment-gateway,1ea2622,2026-09-12T05:23:00Z,production,SUCCESS,alex.chen,Release v2.17.8 - updates for payment-gateway
DEP-1043,checkout-service,92010c6,2026-09-23T21:48:00Z,production,FAILED,alex.chen,Release v2.3.9 - updates for checkout-service
DEP-1044,auth-service,775dd5a,2026-09-15T19:01:00Z,production,ROLLED_BACK,alex.chen,Release v2.19.3 - updates for auth-service
DEP-1045,payment-gateway,24fcdd5,2026-08-29T07:24:00Z,production,SUCCESS,priya.n,Release v2.19.8 - updates for payment-gateway
DEP-1046,user-profile,444a54b,2026-09-14T15:06:00Z,production,SUCCESS,elena.r,Release v2.8.4 - updates for user-profile
DEP-1047,search-indexer,bbf3e3f,2026-09-20T12:58:00Z,production,SUCCESS,elena.r,Release v2.11.1 - updates for search-indexer
DEP-1048,payment-gateway,af044ae,2026-09-05T15:21:00Z,production,ROLLED_BACK,jordan.b,Release v2.3.8 - updates for payment-gateway
DEP-1049,order-processing,53e42ca,2026-09-03T11:22:00Z,production,ROLLED_BACK,sarah.k,Release v2.3.3 - updates for order-processing
DEP-1050,user-profile,386218b,2026-09-13T12:39:00Z,production,FAILED,priya.n,Release v2.23.4 - updates for user-profile
DEP-1051,payment-gateway,5ca415e,2026-09-01T06:09:00Z,production,SUCCESS,elena.r,Release v2.5.4 - updates for payment-gateway
DEP-1052,auth-service,ce0f051,2026-09-21T15:01:00Z,production,SUCCESS,jordan.b,Release v2.10.9 - updates for auth-service
DEP-1053,order-processing,441ef40,2026-09-10T21:24:00Z,production,SUCCESS,elena.r,Release v2.9.8 - updates for order-processing
DEP-1054,notification-worker,f7c421c,2026-09-15T01:38:00Z,production,SUCCESS,alex.chen,Release v2.14.4 - updates for notification-worker
DEP-1055,payment-gateway,6563f61,2026-09-26T08:03:00Z,production,SUCCESS,sarah.k,Release v2.9.2 - updates for payment-gateway
DEP-1056,notification-worker,c4a69f3,2026-09-01T09:21:00Z,production,SUCCESS,priya.n,Release v2.4.1 - updates for notification-worker
DEP-1057,checkout-service,193923d,2026-09-01T16:00:00Z,production,SUCCESS,marcus.v,Release v2.5.6 - updates for checkout-service
DEP-1058,checkout-service,5eea04e,2026-09-24T14:14:00Z,production,FAILED,marcus.v,Release v2.26.0 - updates for checkout-service
DEP-1059,user-profile,be9bec3,2026-09-16T22:28:00Z,production,SUCCESS,sarah.k,Release v2.12.8 - updates for user-profile
DEP-1060,search-indexer,cfddc3d,2026-08-29T06:00:00Z,production,ROLLED_BACK,sarah.k,Release v2.8.2 - updates for search-indexer
DEP-1061,checkout-service,1658663,2026-09-07T17:35:00Z,production,SUCCESS,sarah.k,Release v2.11.6 - updates for checkout-service
DEP-1062,order-processing,38c1309,2026-09-14T08:30:00Z,production,SUCCESS,elena.r,Release v2.28.0 - updates for order-processing
DEP-1063,notification-worker,4317347,2026-09-16T08:58:00Z,production,SUCCESS,priya.n,Release v2.27.3 - updates for notification-worker
DEP-1064,order-processing,b8f7ef5,2026-09-25T10:05:00Z,production,SUCCESS,sarah.k,Release v2.9.1 - updates for order-processing
DEP-1065,inventory-api,b43825b,2026-09-10T12:23:00Z,production,SUCCESS,jordan.b,Release v2.27.8 - updates for inventory-api
DEP-1066,user-profile,2d87096,2026-09-25T05:47:00Z,production,SUCCESS,marcus.v,Release v2.9.0 - updates for user-profile
DEP-1067,auth-service,7f3f920,2026-08-30T08:19:00Z,production,SUCCESS,marcus.v,Release v2.11.6 - updates for auth-service
DEP-1068,auth-service,f645f12,2026-09-08T23:11:00Z,production,SUCCESS,jordan.b,Release v2.2.6 - updates for auth-service
DEP-1069,payment-gateway,fcf27e7,2026-09-02T20:02:00Z,production,SUCCESS,jordan.b,Release v2.24.3 - updates for payment-gateway
DEP-1070,user-profile,21e9cda,2026-09-06T20:50:00Z,production,ROLLED_BACK,elena.r,Release v2.20.5 - updates for user-profile
DEP-1071,auth-service,91d2c7d,2026-09-12T19:54:00Z,production,SUCCESS,marcus.v,Release v2.11.6 - updates for auth-service
DEP-1072,inventory-api,3095eef,2026-09-01T06:22:00Z,production,SUCCESS,sarah.k,Release v2.13.2 - updates for inventory-api
DEP-1073,inventory-api,9c459ce,2026-09-08T00:23:00Z,production,SUCCESS,alex.chen,Release v2.7.6 - updates for inventory-api
DEP-1074,user-profile,8118e36,2026-09-05T08:02:00Z,production,SUCCESS,priya.n,Release v2.17.7 - updates for user-profile
DEP-1075,checkout-service,25b5290,2026-08-27T12:17:00Z,production,SUCCESS,marcus.v,Release v2.21.9 - updates for checkout-service
DEP-1076,user-profile,e184332,2026-09-22T05:55:00Z,production,SUCCESS,sarah.k,Release v2.8.3 - updates for user-profile
DEP-1077,checkout-service,1bd4a99,2026-09-25T09:15:00Z,production,ROLLED_BACK,sarah.k,Release v2.20.1 - updates for checkout-service
DEP-1078,notification-worker,f2d9de5,2026-09-07T15:15:00Z,production,SUCCESS,elena.r,Release v2.23.6 - updates for notification-worker
DEP-1079,notification-worker,4e75c3b,2026-09-08T07:24:00Z,production,SUCCESS,sarah.k,Release v2.1.1 - updates for notification-worker
DEP-1080,search-indexer,3d06e8c,2026-09-16T12:54:00Z,production,SUCCESS,elena.r,Release v2.2.8 - updates for search-indexer
DEP-1081,order-processing,84daaeb,2026-09-20T23:22:00Z,production,SUCCESS,sarah.k,Release v2.22.8 - updates for order-processing
DEP-1082,user-profile,acd6c85,2026-09-06T08:31:00Z,production,FAILED,elena.r,Release v2.14.8 - updates for user-profile
DEP-1083,notification-worker,ce6033f,2026-09-19T06:05:00Z,production,SUCCESS,priya.n,Release v2.25.3 - updates for notification-worker
DEP-1084,inventory-api,8c0e8cd,2026-09-02T18:32:00Z,production,SUCCESS,elena.r,Release v2.15.1 - updates for inventory-api
DEP-1085,inventory-api,558f1f1,2026-09-15T19:48:00Z,production,SUCCESS,marcus.v,Release v2.18.1 - updates for inventory-api
DEP-1086,checkout-service,4b33f3d,2026-09-19T15:11:00Z,production,SUCCESS,priya.n,Release v2.23.3 - updates for checkout-service
DEP-1087,auth-service,78586eb,2026-09-07T14:47:00Z,production,SUCCESS,marcus.v,Release v2.14.0 - updates for auth-service
DEP-1088,order-processing,73b4c08,2026-09-07T09:01:00Z,production,ROLLED_BACK,jordan.b,Release v2.1.9 - updates for order-processing
DEP-1089,search-indexer,118267c,2026-09-04T18:56:00Z,production,SUCCESS,marcus.v,Release v2.13.6 - updates for search-indexer
DEP-1090,order-processing,482c043,2026-09-04T06:39:00Z,production,SUCCESS,marcus.v,Release v2.1.6 - updates for order-processing
DEP-1091,user-profile,c963f37,2026-09-08T02:18:00Z,production,FAILED,sarah.k,Release v2.5.9 - updates for user-profile
DEP-1092,payment-gateway,a78648f,2026-09-08T13:33:00Z,production,SUCCESS,jordan.b,Release v2.3.6 - updates for payment-gateway
DEP-1093,checkout-service,3e85cb2,2026-09-05T11:38:00Z,production,SUCCESS,alex.chen,Release v2.11.3 - updates for checkout-service
DEP-1094,notification-worker,66666f9,2026-09-11T14:55:00Z,production,SUCCESS,priya.n,Release v2.27.6 - updates for notification-worker
DEP-1095,inventory-api,8866076,2026-09-22T18:28:00Z,production,SUCCESS,alex.chen,Release v2.2.5 - updates for inventory-api
DEP-1096,order-processing,2190f93,2026-08-27T21:48:00Z,production,SUCCESS,elena.r,Release v2.1.3 - updates for order-processing
DEP-1097,order-processing,af0fda8,2026-09-25T13:40:00Z,production,SUCCESS,sarah.k,Release v2.16.1 - updates for order-processing
DEP-1098,order-processing,c31022f,2026-09-05T07:59:00Z,production,SUCCESS,marcus.v,Release v2.6.9 - updates for order-processing
DEP-1099,auth-service,5fa03f2,2026-09-19T01:03:00Z,production,SUCCESS,alex.chen,Release v2.10.9 - updates for auth-service
DEP-1100,search-indexer,c70b342,2026-09-08T10:40:00Z,production,SUCCESS,sarah.k,Release v2.23.3 - updates for search-indexer
DEP-1101,auth-service,e9acd15,2026-09-12T18:31:00Z,production,SUCCESS,elena.r,Release v2.4.9 - updates for auth-service
DEP-1102,payment-gateway,9861fe1,2026-09-10T16:41:00Z,production,SUCCESS,priya.n,Release v2.3.8 - updates for payment-gateway
DEP-1103,user-profile,e97dc9c,2026-09-25T22:06:00Z,production,FAILED,priya.n,Release v2.4.6 - updates for user-profile
DEP-1104,user-profile,f43e428,2026-08-28T13:42:00Z,production,SUCCESS,priya.n,Release v2.14.2 - updates for user-profile
DEP-1105,inventory-api,dee624d,2026-08-29T11:11:00Z,production,SUCCESS,jordan.b,Release v2.15.6 - updates for inventory-api
DEP-1106,inventory-api,ea09dfa,2026-09-11T19:53:00Z,production,FAILED,sarah.k,Release v2.3.4 - updates for inventory-api
DEP-1107,notification-worker,d01f36b,2026-09-15T09:34:00Z,production,SUCCESS,priya.n,Release v2.22.6 - updates for notification-worker
DEP-1108,user-profile,8e8adee,2026-09-25T04:35:00Z,production,SUCCESS,marcus.v,Release v2.7.5 - updates for user-profile
DEP-1109,inventory-api,5797b2c,2026-09-11T00:11:00Z,production,SUCCESS,jordan.b,Release v2.9.8 - updates for inventory-api
DEP-1110,payment-gateway,40e912f,2026-09-02T23:38:00Z,production,SUCCESS,alex.chen,Release v2.14.7 - updates for payment-gateway
DEP-1111,order-processing,b559e46,2026-09-04T19:54:00Z,production,SUCCESS,elena.r,Release v2.26.0 - updates for order-processing
DEP-1112,auth-service,48ba8ab,2026-09-13T02:32:00Z,production,SUCCESS,priya.n,Release v2.10.9 - updates for auth-service
DEP-1113,user-profile,9db0674,2026-09-04T23:00:00Z,production,SUCCESS,jordan.b,Release v2.24.8 - updates for user-profile
DEP-1114,user-profile,c3ee4d3,2026-09-10T11:39:00Z,production,SUCCESS,priya.n,Release v2.9.3 - updates for user-profile
DEP-1115,auth-service,60c7c00,2026-09-17T17:34:00Z,production,SUCCESS,alex.chen,Release v2.25.2 - updates for auth-service
DEP-1116,order-processing,cd1531c,2026-09-16T15:35:00Z,production,SUCCESS,priya.n,Release v2.19.8 - updates for order-processing
DEP-1117,inventory-api,e52721e,2026-09-21T22:07:00Z,production,SUCCESS,sarah.k,Release v2.12.2 - updates for inventory-api
DEP-1118,inventory-api,c540b30,2026-09-25T20:28:00Z,production,SUCCESS,jordan.b,Release v2.2.0 - updates for inventory-api
DEP-1119,inventory-api,b34b6cf,2026-09-20T18:00:00Z,production,SUCCESS,priya.n,Release v2.1.9 - updates for inventory-api
