incident_id,service,affected_users,error_rate,latency_p99,latency_p50,request_volume,deployment_recency_minutes,cpu_utilization,memory_utilization,service_criticality
INC-8000,inventory-api,26,8.09,420.6,49.2,2204,241,86.4,62.7,3
INC-8001,checkout-service,33,1.1,252.8,71.1,4896,61,28.5,44.9,4
INC-8002,payment-gateway,403,3.59,551.8,20.0,3892,5,58.4,66.9,5
INC-8003,notification-worker,2,0.9,403.3,69.1,315,432,60.9,41.8,2
INC-8004,order-processing,41,7.17,272.9,46.2,3489,26,88.6,76.3,4
INC-8005,notification-worker,68,1.77,365.1,69.3,564,194,78.9,70.8,2
INC-8006,search-indexer,180,9.8,568.9,181.1,2487,7,57.1,70.6,2
INC-8007,search-indexer,4005,21.28,1057.0,301.4,1115,36,90.0,84.0,2
INC-8008,order-processing,6667,2.5,795.9,219.3,1529,20,87.4,81.0,4
INC-8009,notification-worker,1003,3.91,612.8,76.9,1554,93,67.3,58.6,2
INC-8010,notification-worker,1512,13.45,766.8,52.2,1000,17,81.1,80.1,2
INC-8011,search-indexer,1476,5.98,1059.5,162.6,1542,34,64.8,69.6,2
INC-8012,search-indexer,1909,6.69,685.4,234.7,558,33,94.8,65.5,2
INC-8013,payment-gateway,5,2.99,277.1,33.6,5814,18,15.4,49.0,5
INC-8014,checkout-service,70,1.95,198.5,55.4,4084,88,36.0,29.3,4
INC-8015,notification-worker,273,21.29,1007.4,66.1,1504,159,93.7,62.3,2
INC-8016,user-profile,61,0.05,210.1,16.9,3307,15,39.2,45.0,3
INC-8017,inventory-api,23,4.6,158.9,49.1,2572,247,44.2,30.3,3
INC-8018,user-profile,10114,21.34,305.5,183.8,3206,34,69.0,70.2,3
INC-8019,inventory-api,148,6.54,256.4,104.9,1643,3,92.0,74.8,3
INC-8020,inventory-api,18094,28.99,878.0,176.3,800,27,88.4,81.2,3
INC-8021,user-profile,125,2.06,139.8,42.5,2414,243,37.2,42.7,3
INC-8022,payment-gateway,96,0.05,232.8,33.2,6811,188,42.2,48.2,5
INC-8023,checkout-service,37,1.33,237.4,74.4,3849,140,31.7,36.2,4
INC-8024,auth-service,2730,12.93,356.6,125.3,10535,6,65.1,72.1,5
INC-8025,notification-worker,1618,29.94,150.0,178.0,2305,5,80.2,72.7,2
INC-8026,auth-service,3022,8.2,184.0,40.0,10205,31,70.2,96.0,5
INC-8027,auth-service,38,0.05,224.3,24.2,7664,18,25.1,47.3,5
INC-8028,search-indexer,1314,14.36,1602.4,145.1,2046,68,60.8,75.2,2
INC-8029,order-processing,7888,9.62,831.7,197.7,4905,59,70.8,80.8,4
INC-8030,payment-gateway,4,5.0,199.4,18.0,6295,69,43.2,45.4,5
INC-8031,notification-worker,149,7.64,609.9,70.2,1659,23,66.9,77.4,2
INC-8032,order-processing,117,1.77,539.0,91.0,2778,100,26.7,48.6,4
INC-8033,user-profile,180,3.76,218.1,37.1,3021,153,30.7,45.9,3
INC-8034,notification-worker,267,9.46,1042.6,67.1,2036,47,90.5,86.9,2
INC-8035,user-profile,57,3.26,142.7,34.5,2761,19,30.5,47.0,3
INC-8036,notification-worker,675,4.99,187.3,102.6,900,98,39.5,55.9,2
INC-8037,notification-worker,82,1.77,321.1,58.5,453,157,31.0,45.9,2
INC-8038,checkout-service,33093,37.21,940.8,131.9,4463,33,89.1,88.8,4
INC-8039,checkout-service,146,13.39,541.0,54.1,3642,25,93.0,90.0,4
INC-8040,checkout-service,10966,24.17,993.8,181.5,4776,7,99.0,95.6,4
INC-8041,auth-service,241,10.27,80.0,24.1,9394,38,83.7,64.4,5
INC-8042,payment-gateway,116,5.06,95.8,82.5,8707,133,59.7,67.7,5
INC-8043,notification-worker,48,2.3,399.6,62.3,990,148,36.6,56.2,2
INC-8044,search-indexer,4730,36.81,1661.5,431.2,800,25,94.5,96.5,2
INC-8045,search-indexer,36,4.05,598.9,116.6,1366,704,15.7,21.6,2
INC-8046,user-profile,6358,7.52,501.3,110.2,2913,44,66.7,74.3,3
INC-8047,auth-service,1960,12.55,439.2,40.0,8282,82,65.6,73.9,5
INC-8048,checkout-service,27,1.63,306.7,59.7,3454,14,45.6,35.6,4
INC-8049,search-indexer,1076,45.8,1834.5,285.6,3891,26,91.5,99.0,2
INC-8050,notification-worker,14788,24.19,689.0,80.0,2835,31,80.3,99.0,2
INC-8051,notification-worker,62,4.08,270.1,81.6,200,152,32.3,31.5,2
INC-8052,inventory-api,1479,11.77,266.4,50.8,1837,282,67.6,80.5,3
INC-8053,search-indexer,50,0.93,542.5,126.8,1850,59,21.3,43.2,2
INC-8054,checkout-service,3235,24.13,375.1,80.0,4253,39,89.4,90.1,4
INC-8055,notification-worker,822,11.76,396.7,142.8,1132,80,73.4,91.1,2
INC-8056,inventory-api,1253,0.5,407.9,26.1,1871,23,58.8,71.2,3
INC-8057,checkout-service,502,23.59,684.0,135.3,4610,117,73.1,74.6,4
INC-8058,checkout-service,279,9.29,600.2,69.6,3462,43,55.5,37.5,4
INC-8059,checkout-service,348,18.13,841.4,106.9,6055,196,51.5,82.6,4
INC-8060,checkout-service,74,7.58,497.9,66.5,8604,44,92.0,68.5,4
INC-8061,search-indexer,52,6.73,806.2,131.8,1150,22,67.3,80.5,2
INC-8062,user-profile,3315,13.11,626.2,92.6,5811,54,92.4,89.6,3
INC-8063,checkout-service,1973,4.44,785.4,209.8,8301,66,77.3,83.1,4
INC-8064,notification-worker,248,8.04,305.7,102.3,2303,160,69.5,90.0,2
INC-8065,inventory-api,97,1.88,133.9,58.4,4038,5,56.4,40.1,3
INC-8066,user-profile,712,21.35,150.0,74.4,6187,42,62.5,76.3,3
INC-8067,auth-service,800,8.0,386.1,80.0,24579,49,94.6,99.0,5
INC-8068,search-indexer,13,5.66,518.2,116.4,1313,38,34.7,44.4,2
INC-8069,search-indexer,230,4.22,674.1,152.2,3757,98,86.1,28.9,2
INC-8070,notification-worker,1,0.05,423.5,61.8,1712,45,59.5,53.2,2
INC-8071,inventory-api,76,1.01,157.4,49.3,1875,348,45.0,39.1,3
INC-8072,notification-worker,32,0.18,351.7,82.7,301,401,30.7,45.9,2
INC-8073,payment-gateway,48,0.74,129.2,26.1,5552,103,43.5,26.6,5
INC-8074,inventory-api,33,0.98,216.6,48.0,2190,5,50.4,43.4,3
INC-8075,checkout-service,1789,18.87,916.9,234.9,6256,21,87.5,88.1,4
INC-8076,notification-worker,55,2.41,373.5,48.0,1539,19,41.6,45.1,2
INC-8077,user-profile,2674,25.38,792.9,100.3,3441,20,83.2,89.5,3
INC-8078,inventory-api,593,3.38,133.1,90.9,2581,29,92.0,72.9,3
INC-8079,order-processing,524,14.69,718.9,111.4,8325,68,50.7,65.5,4
INC-8080,notification-worker,149,2.75,353.1,88.1,801,26,13.0,33.3,2
INC-8081,order-processing,530,7.07,580.4,68.0,4307,6,71.8,73.8,4
INC-8082,auth-service,1162,7.87,272.9,47.8,9227,425,41.6,50.9,5
INC-8083,search-indexer,731,16.18,2173.8,221.8,1335,8,71.8,81.1,2
INC-8084,notification-worker,172,10.52,414.4,63.2,1269,117,55.0,86.3,2
INC-8085,user-profile,931,6.76,162.9,84.5,3238,480,84.5,90.0,3
INC-8086,search-indexer,983,26.27,945.5,188.6,787,18,86.8,65.2,2
INC-8087,search-indexer,57,4.13,566.7,100.5,1804,32,32.0,41.4,2
INC-8088,order-processing,680,7.43,397.2,200.7,2835,51,98.1,57.3,4
INC-8089,user-profile,53,0.55,156.4,43.8,2190,156,96.0,44.4,3
INC-8090,search-indexer,27,2.23,714.6,120.5,921,54,63.1,39.9,2
INC-8091,user-profile,104,1.02,183.2,40.1,2781,76,51.6,72.3,3
INC-8092,order-processing,538,8.37,618.3,102.2,3791,136,93.2,77.5,4
INC-8093,payment-gateway,803,5.97,505.2,65.9,4820,84,48.9,71.2,5
INC-8094,order-processing,13598,18.76,1410.5,305.2,4700,35,99.0,85.5,4
INC-8095,notification-worker,195,19.95,529.1,151.2,500,61,80.3,91.8,2
INC-8096,payment-gateway,19,0.96,285.3,52.9,5628,720,95.3,35.3,5
INC-8097,search-indexer,478,7.91,536.2,130.9,2239,38,73.3,69.4,2
INC-8098,notification-worker,1010,12.41,173.4,57.0,1311,31,94.2,65.4,2
INC-8099,user-profile,4007,15.47,493.7,137.0,4722,38,83.5,86.3,3
INC-8100,inventory-api,29,6.21,182.2,104.4,1127,104,90.8,65.4,3
INC-8101,inventory-api,534,5.07,222.6,20.0,3099,236,23.2,43.8,3
INC-8102,user-profile,177,6.49,526.6,20.0,3589,87,76.0,62.9,3
INC-8103,search-indexer,82,3.29,1043.6,138.7,4133,13,72.3,58.0,2
INC-8104,inventory-api,186,6.69,429.7,31.4,2986,202,68.3,78.5,3
INC-8105,auth-service,123,4.91,353.2,21.2,6909,44,37.8,34.2,5
INC-8106,order-processing,100,6.42,823.0,189.7,3443,136,69.0,66.5,4
INC-8107,user-profile,1977,7.78,232.5,69.9,2247,4,87.2,48.8,3
INC-8108,checkout-service,3079,46.16,1325.4,126.7,7113,40,88.7,86.6,4
INC-8109,order-processing,1599,4.5,600.9,128.6,2730,23,66.2,58.3,4
INC-8110,user-profile,80,8.24,394.9,34.3,4150,59,20.0,82.1,3
INC-8111,search-indexer,184,5.0,1034.7,160.6,455,211,69.6,67.1,2
INC-8112,payment-gateway,5205,25.75,320.4,141.0,8567,114,73.8,76.5,5
INC-8113,payment-gateway,2,1.41,203.4,44.3,9034,23,34.5,50.7,5
INC-8114,notification-worker,301,6.75,612.9,24.6,300,131,67.5,80.0,2
INC-8115,search-indexer,70,2.72,486.3,99.7,1530,327,61.8,39.7,2
INC-8116,search-indexer,2307,50.0,1665.5,302.8,3999,48,97.4,96.8,2
INC-8117,search-indexer,376,7.47,708.5,122.1,1989,160,92.7,70.5,2
INC-8118,checkout-service,766,10.31,491.5,38.0,5608,15,73.2,61.8,4
INC-8119,checkout-service,759,8.87,1086.2,40.0,2545,32,67.8,69.1,4
INC-8120,auth-service,100,11.53,650.2,195.1,12469,17,74.1,52.5,5
INC-8121,auth-service,186,3.33,230.2,68.1,7712,5,42.9,49.1,5
INC-8122,checkout-service,3185,31.94,500.7,162.4,8204,16,86.8,74.5,4
INC-8123,inventory-api,559,21.97,150.0,40.0,2565,80,89.3,69.2,3
INC-8124,notification-worker,737,4.58,161.3,105.7,1589,26,69.0,65.7,2
INC-8125,order-processing,56,1.98,370.4,97.4,2502,35,35.6,33.6,4
INC-8126,checkout-service,440,4.2,330.9,112.3,4621,72,82.0,56.6,4
INC-8127,payment-gateway,56,2.75,197.7,53.5,4411,142,33.2,42.5,5
INC-8128,auth-service,3301,15.43,150.0,214.8,9055,7,97.7,96.0,5
INC-8129,payment-gateway,4,1.23,177.9,44.2,3765,12,20.8,34.2,5
INC-8130,search-indexer,48000,33.98,677.8,383.0,800,48,92.0,97.8,2
INC-8131,payment-gateway,100,4.24,388.5,58.8,4346,92,63.2,73.5,5
INC-8132,payment-gateway,46461,24.38,1121.1,237.2,6243,117,93.9,79.3,5
INC-8133,order-processing,4265,31.08,829.5,193.6,8134,86,74.3,81.5,4
INC-8134,search-indexer,7050,4.06,726.9,250.5,4881,48,52.2,84.3,2
INC-8135,user-profile,801,39.27,849.0,80.0,6237,23,91.6,82.7,3
INC-8136,inventory-api,55,1.84,272.8,41.9,2590,260,41.6,41.7,3
INC-8137,checkout-service,202,0.2,245.5,58.4,4117,101,32.4,42.7,4
INC-8138,checkout-service,1566,22.55,300.0,155.0,7650,2,93.8,99.0,4
INC-8139,order-processing,320,6.98,401.6,103.0,3488,480,57.2,60.6,4
INC-8140,user-profile,206,9.54,80.0,20.0,3362,64,76.9,46.9,3
INC-8141,checkout-service,0,0.94,248.7,24.1,3910,49,40.5,24.3,4
INC-8142,user-profile,1544,32.08,1098.5,80.0,3156,39,87.7,87.8,3
INC-8143,notification-worker,69,0.05,395.6,49.3,2425,103,32.1,34.0,2
INC-8144,search-indexer,31,13.4,853.6,127.3,3015,87,66.8,84.2,2
INC-8145,checkout-service,193,12.94,318.2,85.8,3495,178,65.0,47.1,4
INC-8146,order-processing,13,3.58,417.8,100.0,3800,23,24.4,24.9,4
INC-8147,payment-gateway,52,2.48,174.8,79.7,4661,248,48.0,42.7,5
INC-8148,inventory-api,171,1.25,166.3,29.4,1438,49,89.6,66.7,3
INC-8149,order-processing,13363,33.77,1507.2,311.4,4802,27,84.3,86.7,4
INC-8150,user-profile,102,2.79,193.1,54.4,2709,33,16.8,46.8,3
INC-8151,auth-service,525,7.49,267.3,100.1,6695,247,92.0,73.9,5
INC-8152,user-profile,2267,15.1,317.1,40.0,4891,92,67.8,73.6,3
INC-8153,checkout-service,190,3.59,269.3,53.9,4188,82,35.2,32.6,4
INC-8154,auth-service,29,2.88,247.3,25.9,7759,95,29.4,44.7,5
INC-8155,auth-service,370,4.73,122.4,130.0,10085,111,65.0,87.6,5
INC-8156,checkout-service,92,2.97,285.8,54.7,3528,221,35.0,40.0,4
INC-8157,order-processing,54,0.09,332.2,86.3,2826,239,10.0,41.0,4
INC-8158,checkout-service,50,3.63,264.7,71.7,4453,159,21.6,37.5,4
INC-8159,user-profile,5772,16.92,487.4,40.0,2271,129,93.5,74.9,3
INC-8160,checkout-service,4060,8.4,567.2,40.0,4581,12,98.0,96.0,4
INC-8161,payment-gateway,1065,8.95,351.2,103.7,4430,34,58.7,53.7,5
INC-8162,search-indexer,192,11.28,716.2,139.0,2405,276,50.0,32.1,2
INC-8163,inventory-api,37,0.05,258.2,34.1,1286,643,17.4,45.5,3
INC-8164,inventory-api,18687,24.39,755.3,80.0,3248,57,98.2,79.9,3
INC-8165,checkout-service,37,0.56,222.4,64.3,4342,95,10.0,47.2,4
INC-8166,inventory-api,80,6.57,271.1,28.5,1695,48,96.8,57.0,3
INC-8167,notification-worker,46,2.28,307.4,69.7,903,123,13.1,52.6,2
INC-8168,checkout-service,387,5.14,404.4,121.2,3768,120,39.0,78.9,4
INC-8169,order-processing,116,1.9,392.2,102.0,3517,425,23.2,34.3,4
INC-8170,search-indexer,9562,9.79,2610.1,245.4,3584,37,65.2,80.3,2
INC-8171,inventory-api,231,14.78,836.0,139.1,4793,92,98.0,86.4,3
INC-8172,inventory-api,276,7.04,122.8,100.1,2308,53,80.2,84.4,3
INC-8173,notification-worker,1454,22.01,1358.3,150.6,838,19,93.4,86.1,2
INC-8174,inventory-api,452,10.39,483.7,107.2,2393,16,55.1,71.7,3
INC-8175,payment-gateway,19,1.1,221.2,50.3,4215,185,31.4,49.0,5
INC-8176,search-indexer,698,3.3,812.5,124.8,2050,131,64.9,70.9,2
INC-8177,notification-worker,47,2.81,315.4,102.0,877,86,21.4,55.3,2
INC-8178,user-profile,84,2.3,219.5,39.6,2944,294,28.9,48.2,3
INC-8179,search-indexer,0,1.0,535.9,127.6,1815,113,60.7,39.3,2
INC-8180,order-processing,712,3.13,683.1,77.4,3183,4,89.4,64.5,4
INC-8181,auth-service,2040,9.97,648.1,74.3,21008,39,84.0,82.1,5
INC-8182,auth-service,53,2.57,154.1,52.1,7988,218,48.3,61.3,5
INC-8183,search-indexer,81,1.43,626.0,102.9,1730,127,32.5,43.5,2
INC-8184,notification-worker,1601,4.12,337.9,48.3,855,48,61.4,60.0,2
INC-8185,user-profile,730,1.68,270.8,73.9,2888,101,38.7,61.7,3
INC-8186,inventory-api,1982,14.96,524.2,120.3,1879,145,69.0,76.5,3
INC-8187,user-profile,2621,11.4,150.0,40.0,4795,25,94.0,82.9,3
INC-8188,checkout-service,1225,45.51,719.2,248.7,4549,24,81.9,70.8,4
INC-8189,order-processing,2521,14.54,822.0,131.0,5608,2,83.3,68.0,4
INC-8190,notification-worker,100,22.2,476.0,157.2,1412,38,82.3,67.4,2
INC-8191,payment-gateway,475,4.74,316.8,64.0,7049,224,45.6,83.7,5
INC-8192,user-profile,103,0.05,234.0,50.5,2949,350,25.6,58.7,3
INC-8193,user-profile,28,2.99,249.2,10.5,7558,32,11.7,54.4,3
INC-8194,auth-service,237,5.51,459.9,67.8,16314,44,84.3,58.1,5
INC-8195,order-processing,1861,7.98,759.6,134.5,4423,2,81.4,71.1,4
INC-8196,auth-service,153,5.1,283.4,36.7,9718,276,56.1,62.4,5
INC-8197,auth-service,46,3.56,155.6,37.0,6523,30,41.3,23.1,5
INC-8198,inventory-api,800,36.74,300.0,157.1,2156,18,84.7,81.7,3
INC-8199,inventory-api,305,0.19,322.2,45.6,1928,382,22.1,15.0,3
INC-8200,notification-worker,116,2.57,364.2,111.9,300,15,60.3,90.0,2
INC-8201,inventory-api,145,9.97,359.4,57.4,2106,251,55.7,69.8,3
INC-8202,notification-worker,645,10.1,128.9,92.7,504,58,93.7,53.3,2
INC-8203,search-indexer,2386,22.86,1699.4,233.4,2664,218,81.4,85.7,2
INC-8204,order-processing,100,14.73,957.9,238.0,6335,45,42.7,87.2,4
INC-8205,user-profile,106,4.03,81.1,61.5,4341,378,39.9,57.2,3
INC-8206,auth-service,483,8.82,108.5,58.6,8958,174,68.9,77.2,5
INC-8207,inventory-api,25,1.76,262.4,28.8,2013,21,24.6,33.9,3
INC-8208,search-indexer,15,1.8,550.5,103.2,942,35,48.1,22.7,2
INC-8209,payment-gateway,1240,14.28,635.3,40.0,6407,73,63.1,80.7,5
INC-8210,user-profile,16425,47.2,654.3,209.5,4655,73,85.1,94.5,3
INC-8211,auth-service,59,2.39,159.7,23.9,6954,10,10.2,33.7,5
INC-8212,auth-service,171,6.5,165.0,40.2,7499,12,64.5,77.6,5
INC-8213,search-indexer,213,4.98,1183.1,179.1,1486,399,65.1,77.9,2
INC-8214,user-profile,9471,2.5,839.3,61.9,5668,100,89.1,90.6,3
INC-8215,payment-gateway,188,0.87,237.8,42.5,4229,124,51.9,40.3,5
INC-8216,inventory-api,4835,12.42,293.4,40.0,4577,132,76.2,75.0,3
INC-8217,checkout-service,66,9.83,504.7,78.3,5106,126,44.9,44.2,4
INC-8218,user-profile,27,0.05,139.0,61.4,3461,10,97.9,38.1,3
INC-8219,auth-service,2119,20.82,262.8,40.0,9490,63,94.4,51.8,5
INC-8220,order-processing,331,6.57,423.5,133.9,3981,447,79.8,76.0,4
INC-8221,inventory-api,0,1.27,223.6,33.4,1219,64,56.7,27.1,3
INC-8222,user-profile,4,2.06,172.8,40.4,2602,34,55.9,22.8,3
INC-8223,inventory-api,98,5.94,307.8,112.2,1860,18,65.7,48.4,3
INC-8224,payment-gateway,18,0.13,335.1,50.9,3890,76,51.0,61.0,5
INC-8225,order-processing,64,9.66,454.4,112.1,5215,380,86.7,54.3,4
INC-8226,search-indexer,355,12.98,685.8,148.7,2845,68,56.3,63.5,2
INC-8227,notification-worker,212,13.21,160.6,175.3,500,26,83.5,96.0,2
INC-8228,user-profile,494,4.45,580.8,64.3,2401,21,58.9,76.1,3
INC-8229,checkout-service,78,1.33,213.5,63.0,3528,18,43.5,52.6,4
INC-8230,auth-service,299,4.95,143.1,27.8,7091,8,25.9,50.9,5
INC-8231,checkout-service,49,3.93,286.1,54.0,4274,79,49.1,33.8,4
INC-8232,search-indexer,258,6.55,646.7,115.1,2135,104,73.0,67.5,2
INC-8233,checkout-service,41,0.45,266.5,43.0,4706,41,47.9,40.5,4
INC-8234,user-profile,24,3.13,53.8,30.4,6649,212,37.8,47.2,3
INC-8235,inventory-api,0,0.05,193.3,46.8,1807,96,33.9,46.2,3
INC-8236,notification-worker,32,0.17,356.0,57.2,1766,64,18.9,50.0,2
INC-8237,auth-service,53,1.1,200.2,38.4,8053,194,31.5,34.8,5
INC-8238,notification-worker,21,0.55,342.9,81.3,200,225,95.5,49.8,2
INC-8239,order-processing,563,12.89,621.2,223.6,4133,74,59.1,73.5,4
INC-8240,order-processing,3884,36.99,1962.4,275.9,2589,172,84.1,83.5,4
INC-8241,checkout-service,694,7.96,383.0,139.6,4021,159,72.7,50.7,4
INC-8242,user-profile,148,6.13,668.9,48.6,4244,49,84.9,85.5,3
INC-8243,user-profile,20,2.54,76.3,28.9,2582,369,50.4,36.3,3
INC-8244,payment-gateway,2228,20.44,819.8,40.0,6247,23,81.1,75.9,5
INC-8245,inventory-api,69,0.05,187.0,58.7,1075,72,56.5,35.6,3
INC-8246,search-indexer,625,7.01,921.1,166.1,704,12,85.2,61.0,2
INC-8247,user-profile,3749,18.23,394.5,67.1,3075,7,68.9,77.5,3
INC-8248,order-processing,481,1.71,617.4,92.0,2431,415,38.8,53.1,4
INC-8249,user-profile,800,26.08,1313.1,80.0,11395,150,99.0,77.6,3
INC-8250,payment-gateway,27858,38.37,300.0,264.4,7184,5,81.7,96.1,5
INC-8251,checkout-service,52,2.39,328.4,43.1,3773,52,51.4,39.2,4
INC-8252,checkout-service,43,10.1,485.6,69.3,4213,165,45.7,65.7,4
INC-8253,user-profile,75,1.14,271.5,12.7,3513,17,54.3,26.5,3
INC-8254,payment-gateway,79,0.62,161.2,36.9,6196,167,23.4,41.2,5
INC-8255,payment-gateway,611,8.1,301.7,77.3,4061,160,94.5,72.8,5
INC-8256,auth-service,135,2.82,214.6,28.4,6371,197,68.1,32.6,5
INC-8257,auth-service,165,0.05,130.7,41.9,6740,11,59.1,65.9,5
INC-8258,inventory-api,1178,5.26,308.6,52.4,3052,13,31.3,65.8,3
INC-8259,auth-service,757,2.48,173.8,69.0,8586,138,97.0,77.1,5
INC-8260,payment-gateway,105,0.17,354.5,34.9,5653,280,52.4,25.8,5
INC-8261,search-indexer,362,6.1,735.5,160.0,843,17,26.5,62.8,2
INC-8262,order-processing,489,21.99,902.4,199.0,2557,78,97.6,96.0,4
INC-8263,inventory-api,39,5.16,479.6,43.7,2464,3,76.7,48.6,3
INC-8264,order-processing,14,1.47,489.3,84.6,2561,578,41.1,25.5,4
INC-8265,order-processing,41,0.05,461.5,61.1,3220,15,40.5,31.6,4
INC-8266,order-processing,530,3.26,345.4,117.7,2967,23,66.1,53.5,4
INC-8267,search-indexer,445,6.62,666.1,97.8,609,140,61.2,90.0,2
INC-8268,auth-service,36,2.36,158.3,37.3,12015,36,52.1,55.2,5
INC-8269,auth-service,206,3.66,158.9,24.6,5851,12,35.8,52.2,5
INC-8270,checkout-service,1304,23.8,226.1,90.5,3702,4,85.4,73.0,4
INC-8271,notification-worker,97,3.15,354.6,92.6,1779,266,19.1,39.6,2
INC-8272,payment-gateway,68,7.96,414.8,111.7,9582,133,74.6,67.2,5
INC-8273,user-profile,2545,13.12,478.9,41.2,4558,33,83.6,82.2,3
INC-8274,auth-service,169,3.2,549.7,54.4,7693,33,58.5,54.1,5
INC-8275,notification-worker,4454,16.1,381.5,194.1,2519,22,96.2,85.6,2
INC-8276,order-processing,111,7.05,300.4,134.1,2481,108,88.9,74.4,4
INC-8277,notification-worker,4364,35.97,666.5,252.3,800,37,93.7,90.1,2
INC-8278,user-profile,6474,16.62,601.3,54.2,5063,300,84.5,76.4,3
INC-8279,order-processing,10,8.0,648.2,61.0,3115,53,89.6,51.8,4
INC-8280,user-profile,7872,40.74,839.9,80.0,6395,44,99.0,91.1,3
INC-8281,inventory-api,2469,32.3,506.9,114.2,5601,40,99.0,81.5,3
INC-8282,inventory-api,67,2.74,188.9,55.3,1796,84,86.4,65.4,3
INC-8283,inventory-api,88,9.74,170.4,101.0,3931,146,91.1,83.2,3
INC-8284,order-processing,9078,13.82,1265.3,190.5,4470,53,88.2,84.6,4
INC-8285,checkout-service,1227,17.57,699.6,50.9,13751,3,75.5,96.0,4
INC-8286,auth-service,151,7.12,80.0,20.0,7556,194,72.0,74.8,5
INC-8287,search-indexer,206,15.78,914.7,247.3,994,16,75.6,77.7,2
INC-8288,notification-worker,19,1.06,309.2,69.2,1237,288,31.6,41.3,2
INC-8289,payment-gateway,661,12.83,185.6,68.9,6292,115,62.4,75.0,5
INC-8290,checkout-service,2433,15.8,759.4,69.1,5491,49,56.6,76.0,4
INC-8291,checkout-service,26,6.19,369.5,20.0,3875,65,48.7,78.8,4
INC-8292,notification-worker,824,12.36,534.8,123.0,300,480,67.9,71.5,2
INC-8293,notification-worker,1255,15.68,655.2,55.7,1208,137,98.0,93.7,2
INC-8294,inventory-api,302,11.5,260.2,44.4,3878,33,57.2,90.0,3
INC-8295,notification-worker,111,11.23,487.0,53.6,338,24,44.4,57.8,2
INC-8296,inventory-api,2278,8.82,845.7,93.2,4615,130,71.8,72.1,3
INC-8297,checkout-service,10,2.97,457.5,104.8,3571,245,57.1,54.3,4
INC-8298,search-indexer,7098,11.86,589.8,247.5,798,2,71.0,79.7,2
INC-8299,inventory-api,40,2.24,106.6,39.2,2374,101,10.0,34.7,3
INC-8300,inventory-api,42,1.22,225.6,47.7,2229,125,90.9,51.2,3
INC-8301,payment-gateway,421,5.58,279.8,70.8,5471,31,55.2,58.0,5
INC-8302,auth-service,3167,13.07,164.7,135.4,10629,39,82.3,72.0,5
INC-8303,user-profile,195,1.95,148.1,56.2,3061,24,45.4,39.7,3
INC-8304,order-processing,148,11.55,668.4,149.2,4194,7,54.7,53.6,4
INC-8305,payment-gateway,1233,4.57,80.0,52.7,4755,24,55.7,80.0,5
INC-8306,auth-service,488,7.54,239.3,20.0,6812,166,20.0,63.4,5
INC-8307,user-profile,142,3.46,423.8,108.4,2569,25,58.2,81.9,3
INC-8308,notification-worker,6449,42.01,1138.6,172.7,1857,5,84.4,73.4,2
INC-8309,notification-worker,16342,39.2,1548.7,205.5,2461,37,82.2,92.3,2
INC-8310,order-processing,7,0.05,361.9,74.8,4347,709,36.3,28.4,4
INC-8311,payment-gateway,158,6.73,116.7,53.3,4057,334,90.2,69.6,5
INC-8312,checkout-service,26,1.18,303.8,91.3,2871,312,16.3,47.8,4
INC-8313,checkout-service,827,2.38,279.0,32.1,1821,30,78.6,44.7,4
INC-8314,user-profile,2123,13.33,150.0,139.2,4724,2,73.3,82.1,3
INC-8315,search-indexer,32,2.48,520.4,100.8,3214,22,41.3,37.9,2
INC-8316,user-profile,758,4.62,384.6,55.1,3262,113,29.2,82.2,3
INC-8317,search-indexer,30,1.37,604.2,103.7,2688,36,23.0,35.3,2
INC-8318,notification-worker,1427,6.2,221.5,76.0,1109,29,67.1,90.0,2
INC-8319,order-processing,78,0.05,378.1,114.8,3990,313,57.8,33.2,4
INC-8320,search-indexer,836,10.34,365.9,153.4,1888,79,44.1,63.4,2
INC-8321,notification-worker,500,0.68,521.4,121.1,2244,196,68.7,53.9,2
INC-8322,search-indexer,7809,11.41,1607.8,271.3,2323,13,90.8,72.0,2
INC-8323,user-profile,637,7.94,80.0,20.0,2476,273,57.5,61.8,3
INC-8324,order-processing,7307,22.82,902.8,269.3,3485,38,70.7,85.4,4
INC-8325,user-profile,10197,16.47,355.4,45.3,5978,54,77.5,61.0,3
INC-8326,order-processing,803,8.02,664.4,105.4,2792,196,28.0,64.6,4
INC-8327,user-profile,183,6.15,407.6,20.0,3227,60,92.0,25.3,3
INC-8328,checkout-service,26,3.79,245.7,67.7,3383,94,41.4,36.5,4
INC-8329,order-processing,130,1.66,320.7,83.0,3365,406,86.8,26.2,4
INC-8330,user-profile,30,0.05,232.8,29.2,3413,30,42.2,53.7,3
INC-8331,notification-worker,37,0.05,366.6,86.9,1377,38,60.6,37.1,2
INC-8332,order-processing,4852,20.63,648.9,57.0,4425,56,90.7,82.0,4
INC-8333,user-profile,54,0.64,229.0,49.2,2393,166,41.3,56.2,3
INC-8334,user-profile,58,0.05,147.2,28.9,7575,247,45.1,29.4,3
INC-8335,inventory-api,10,3.79,444.3,97.7,591,10,61.4,60.1,3
INC-8336,search-indexer,49,0.05,567.9,118.3,1962,124,17.4,44.2,2
INC-8337,inventory-api,538,5.95,383.4,81.0,742,276,50.3,69.2,3
INC-8338,user-profile,54,2.35,139.9,39.0,3961,5,86.9,56.2,3
INC-8339,user-profile,305,20.33,150.0,186.5,4960,34,73.5,82.5,3
INC-8340,auth-service,325,3.57,434.6,87.9,8778,10,64.1,67.1,5
INC-8341,order-processing,11,0.05,351.5,111.8,2727,720,32.0,34.5,4
INC-8342,notification-worker,3209,24.3,285.8,160.3,500,26,65.1,96.0,2
INC-8343,order-processing,41,2.12,423.0,73.9,3116,235,49.9,48.4,4
INC-8344,auth-service,2466,29.56,220.3,40.0,8541,21,83.0,79.4,5
INC-8345,order-processing,526,1.54,710.7,123.8,2804,34,69.6,66.0,4
INC-8346,notification-worker,544,11.59,699.9,114.6,958,97,98.8,46.9,2
INC-8347,search-indexer,239,3.22,546.4,191.6,3041,327,88.1,62.0,2
INC-8348,notification-worker,10,2.44,292.3,74.7,200,193,32.7,42.9,2
INC-8349,notification-worker,100,0.05,286.5,53.2,1056,507,86.0,35.7,2
INC-8350,auth-service,379,15.5,800.3,40.0,8491,34,98.0,61.5,5
INC-8351,search-indexer,349,13.43,758.3,190.2,1102,9,78.4,81.5,2
INC-8352,notification-worker,37,1.45,624.4,66.4,300,336,60.8,90.0,2
INC-8353,user-profile,7,5.21,208.6,30.7,3040,374,43.0,44.3,3
INC-8354,order-processing,34,2.82,356.9,91.1,2658,185,97.0,33.9,4
INC-8355,search-indexer,103,3.06,452.9,118.6,1353,315,27.5,34.7,2
INC-8356,user-profile,5079,33.27,759.9,222.6,6803,142,97.8,91.7,3
INC-8357,auth-service,649,8.34,80.0,20.0,7727,88,90.4,68.0,5
INC-8358,notification-worker,23,6.14,378.2,66.3,543,60,55.4,59.3,2
INC-8359,search-indexer,19988,40.8,1583.5,274.1,5135,36,79.6,99.0,2
INC-8360,inventory-api,59,5.18,222.2,58.6,2342,87,86.2,64.7,3
INC-8361,inventory-api,1503,22.36,825.1,40.0,500,2,94.6,76.7,3
INC-8362,checkout-service,11,4.1,229.8,73.0,7573,287,12.6,38.1,4
INC-8363,search-indexer,13705,21.3,1021.4,217.1,1137,19,73.7,93.0,2
INC-8364,search-indexer,183,4.89,778.1,100.5,1129,157,61.0,73.0,2
INC-8365,order-processing,30,2.45,328.2,96.4,1569,131,40.9,57.4,4
INC-8366,inventory-api,54,0.93,208.6,24.4,1469,154,64.0,20.0,3
INC-8367,auth-service,4242,29.62,553.3,155.7,9527,58,68.3,79.5,5
INC-8368,user-profile,136,10.9,379.7,58.2,3532,11,85.5,50.4,3
INC-8369,inventory-api,5,0.05,250.5,41.5,1320,176,36.7,40.6,3
INC-8370,order-processing,99,3.24,494.8,90.0,3442,101,50.0,44.7,4
INC-8371,inventory-api,48,0.05,176.9,46.3,1460,159,26.1,32.2,3
INC-8372,search-indexer,100,16.46,857.4,142.4,1414,31,67.0,93.6,2
INC-8373,auth-service,127,5.26,224.0,10.0,7804,25,51.1,30.3,5
INC-8374,checkout-service,85,0.56,378.5,52.2,3325,67,35.0,51.4,4
INC-8375,inventory-api,529,6.61,271.8,57.9,3076,404,68.3,75.7,3
INC-8376,notification-worker,33,3.59,253.4,86.9,978,186,39.9,18.3,2
INC-8377,auth-service,3895,5.97,692.1,40.0,10613,159,70.4,77.4,5
INC-8378,payment-gateway,17,1.61,182.2,54.1,4478,68,32.4,30.1,5
INC-8379,notification-worker,1305,9.01,521.4,79.4,349,137,84.7,72.2,2
INC-8380,auth-service,66,7.01,159.2,117.9,13629,365,50.4,71.2,5
INC-8381,search-indexer,3170,20.75,1034.5,255.4,2936,20,96.5,91.3,2
INC-8382,payment-gateway,814,6.73,502.5,55.5,4820,95,60.7,50.3,5
INC-8383,inventory-api,311,32.15,864.1,95.9,5614,127,76.2,85.9,3
INC-8384,notification-worker,2,3.11,434.8,68.8,816,585,39.7,53.2,2
INC-8385,checkout-service,8,0.43,269.0,50.4,4611,30,39.3,35.7,4
INC-8386,notification-worker,42,0.05,336.1,53.8,855,127,10.0,54.2,2
INC-8387,order-processing,4805,22.47,335.1,272.2,4614,73,56.6,73.2,4
INC-8388,notification-worker,25,3.09,221.1,61.1,876,10,37.0,51.5,2
INC-8389,inventory-api,43,0.73,234.6,49.8,1991,77,37.4,30.1,3
INC-8390,auth-service,67,0.92,223.6,36.4,6018,127,28.7,33.7,5
INC-8391,order-processing,876,7.53,365.7,114.4,3350,12,75.2,69.2,4
INC-8392,auth-service,31,8.63,501.5,21.1,7596,24,54.0,55.1,5
INC-8393,checkout-service,21,0.05,172.2,44.6,5372,69,33.8,40.2,4
INC-8394,inventory-api,517,18.06,513.9,40.0,2340,134,93.6,86.4,3
INC-8395,order-processing,7471,29.52,673.0,257.1,1789,7,80.9,76.9,4
INC-8396,payment-gateway,47,1.85,239.7,17.7,4752,16,46.4,30.1,5
INC-8397,search-indexer,11135,13.51,1318.1,212.6,2213,33,63.8,75.6,2
INC-8398,payment-gateway,169,2.74,500.7,77.8,4699,36,69.7,63.2,5
INC-8399,search-indexer,160,10.46,751.4,161.8,971,123,57.0,57.4,2
INC-8400,order-processing,6,3.44,360.5,82.3,3196,387,14.9,35.7,4
INC-8401,user-profile,9,1.25,114.2,34.5,2982,63,43.3,33.3,3
INC-8402,order-processing,45,1.24,384.0,78.3,3497,39,58.2,43.7,4
INC-8403,auth-service,81,0.69,208.5,49.4,7082,452,38.4,23.6,5
INC-8404,search-indexer,4021,15.58,377.2,252.2,2909,116,76.1,81.6,2
INC-8405,auth-service,226,5.24,474.8,75.6,8621,6,73.4,72.0,5
INC-8406,user-profile,47,4.22,250.3,31.9,2657,41,15.3,49.0,3
INC-8407,auth-service,335,1.7,208.3,37.3,8226,39,70.8,79.3,5
INC-8408,search-indexer,586,5.66,892.9,136.7,1765,110,69.4,49.5,2
INC-8409,auth-service,101,1.89,223.5,37.3,12503,163,16.3,37.8,5
INC-8410,auth-service,506,13.32,508.0,114.8,17103,85,83.1,76.9,5
INC-8411,checkout-service,65,0.93,271.4,53.8,3911,13,31.6,55.4,4
INC-8412,search-indexer,1727,25.53,1715.0,340.7,4165,21,73.9,99.0,2
INC-8413,order-processing,9276,34.2,1347.8,255.2,2670,9,99.0,92.5,4
INC-8414,checkout-service,1612,17.58,753.0,40.0,6020,22,71.4,96.0,4
INC-8415,payment-gateway,39,0.05,103.1,47.7,9237,16,30.5,61.7,5
INC-8416,notification-worker,13,0.05,186.8,82.4,1329,126,26.2,36.1,2
INC-8417,checkout-service,268,6.25,297.4,60.7,4290,103,73.1,58.8,4
INC-8418,search-indexer,20,0.78,478.4,110.7,1881,179,31.4,61.2,2
INC-8419,order-processing,146,0.59,393.8,103.6,5429,169,31.9,41.7,4
INC-8420,notification-worker,55,3.2,453.5,67.3,1185,14,74.4,40.7,2
INC-8421,notification-worker,62,0.27,395.1,76.6,807,413,41.3,53.5,2
INC-8422,search-indexer,91,3.33,754.1,126.3,2558,169,97.2,49.4,2
INC-8423,payment-gateway,102,5.07,222.6,64.7,4899,175,29.9,60.6,5
INC-8424,auth-service,8,3.77,204.0,28.1,6967,493,36.1,55.7,5
INC-8425,auth-service,80,1.63,222.7,34.8,6846,11,20.6,49.1,5
INC-8426,payment-gateway,916,10.82,276.7,91.8,6395,23,92.9,61.9,5
INC-8427,payment-gateway,11,4.14,288.5,24.3,3365,78,29.8,39.1,5
INC-8428,payment-gateway,543,9.56,343.4,68.0,6793,63,44.5,53.7,5
INC-8429,notification-worker,313,9.93,428.1,139.0,1396,288,88.5,65.2,2
INC-8430,notification-worker,3344,18.48,185.9,158.7,1168,6,98.8,84.3,2
INC-8431,payment-gateway,48,1.93,256.5,36.0,4213,10,86.6,48.3,5
INC-8432,checkout-service,159,5.64,306.1,20.0,4148,18,74.7,61.8,4
INC-8433,order-processing,11,1.07,359.2,74.8,3084,399,41.9,41.9,4
INC-8434,checkout-service,37,2.22,233.7,55.4,4015,167,26.8,36.3,4
INC-8435,search-indexer,6115,18.57,1490.9,235.8,1294,157,48.9,53.7,2
INC-8436,payment-gateway,31,0.05,289.8,55.8,3918,720,19.7,30.2,5
INC-8437,auth-service,203,2.54,118.2,10.0,12446,521,19.2,38.9,5
INC-8438,auth-service,45,1.87,253.8,39.9,9916,93,28.3,45.9,5
INC-8439,inventory-api,56,0.05,311.9,49.8,2105,83,40.9,45.3,3
INC-8440,checkout-service,2405,5.84,1339.1,49.2,5036,29,73.8,96.0,4
INC-8441,checkout-service,381,6.58,630.4,27.0,4318,238,92.0,72.9,4
INC-8442,checkout-service,30,2.15,234.2,78.5,3267,363,93.1,40.9,4
INC-8443,notification-worker,600,6.31,500.4,111.8,1928,6,86.7,50.3,2
INC-8444,user-profile,1658,2.15,101.0,20.0,2695,63,60.4,57.6,3
INC-8445,notification-worker,54,3.54,283.0,88.1,2066,242,37.8,36.5,2
INC-8446,auth-service,20,0.05,221.3,28.4,7275,49,13.6,29.3,5
INC-8447,checkout-service,31,3.38,148.7,105.6,5028,13,36.4,57.2,4
INC-8448,auth-service,800,35.45,305.8,118.5,12604,54,97.0,79.0,5
INC-8449,search-indexer,1655,23.93,836.0,155.4,2970,90,90.4,73.4,2
INC-8450,checkout-service,289,8.92,469.1,88.0,4822,48,85.5,42.7,4
INC-8451,order-processing,167,12.73,394.3,150.6,1911,9,62.4,65.3,4
INC-8452,payment-gateway,742,5.7,360.8,20.0,4883,7,73.5,69.2,5
INC-8453,user-profile,458,7.39,234.1,89.1,3594,10,92.0,58.6,3
INC-8454,inventory-api,50,3.01,483.0,58.7,4252,125,88.5,32.8,3
INC-8455,user-profile,27211,25.0,300.0,115.8,2357,42,85.8,82.5,3
INC-8456,notification-worker,1201,7.54,599.1,75.9,300,3,40.3,53.4,2
INC-8457,user-profile,18,8.06,126.6,84.8,4327,53,67.6,64.2,3
INC-8458,search-indexer,168,4.36,529.5,146.4,2158,89,22.0,68.8,2
INC-8459,notification-worker,8,3.85,493.2,57.2,270,191,48.2,31.2,2
INC-8460,order-processing,32,0.05,523.2,55.8,3317,328,27.1,35.4,4
INC-8461,search-indexer,2213,7.18,1256.6,233.4,976,6,86.2,58.7,2
INC-8462,notification-worker,23,1.06,379.5,66.0,1123,77,39.2,57.2,2
INC-8463,inventory-api,60,10.3,455.8,118.7,2936,16,80.6,57.9,3
INC-8464,search-indexer,11542,31.97,1720.4,342.9,2970,80,99.0,98.4,2
INC-8465,notification-worker,2549,18.45,648.2,290.9,2310,30,91.3,81.2,2
INC-8466,checkout-service,3220,21.73,702.5,120.1,4579,63,97.3,73.5,4
INC-8467,payment-gateway,23450,11.47,300.0,80.0,7410,13,78.2,75.3,5
INC-8468,auth-service,43,8.6,121.9,38.1,7437,18,78.9,57.8,5
INC-8469,search-indexer,63,1.17,534.9,120.7,2044,34,22.4,36.1,2
INC-8470,notification-worker,803,2.06,438.4,121.2,1943,480,97.4,68.4,2
INC-8471,checkout-service,59,2.91,286.8,53.4,4259,18,30.8,39.4,4
INC-8472,notification-worker,60,2.36,317.0,82.3,811,229,34.2,46.9,2
INC-8473,payment-gateway,63,1.68,156.7,42.7,4893,93,40.0,35.5,5
INC-8474,search-indexer,1385,38.13,1958.6,256.6,2122,27,79.2,99.0,2
INC-8475,order-processing,1730,38.28,782.8,185.4,14334,180,87.2,78.6,4
INC-8476,user-profile,3452,17.36,506.4,40.0,5616,92,87.4,77.9,3
INC-8477,checkout-service,761,4.54,482.2,87.9,8259,67,27.3,65.9,4
INC-8478,auth-service,5,1.48,242.8,45.6,7047,5,53.4,28.9,5
INC-8479,order-processing,434,20.46,789.7,119.7,3300,2,53.8,95.9,4
INC-8480,order-processing,3689,23.45,762.7,40.0,12169,18,76.7,75.0,4
INC-8481,payment-gateway,907,4.36,485.3,35.1,4689,132,68.8,44.4,5
INC-8482,search-indexer,15328,35.71,667.2,198.2,2305,26,66.3,94.5,2
INC-8483,auth-service,8517,6.95,150.0,57.9,10471,53,75.2,77.3,5
INC-8484,inventory-api,112,5.49,348.3,21.1,2160,30,49.2,86.7,3
INC-8485,notification-worker,6,0.84,279.2,98.5,200,607,35.5,49.8,2
INC-8486,notification-worker,229,21.35,893.7,82.2,1584,13,91.3,89.5,2
INC-8487,inventory-api,10,3.18,160.7,77.3,1980,253,46.8,45.8,3
INC-8488,order-processing,2,3.23,449.4,97.2,3663,175,32.2,48.1,4
INC-8489,search-indexer,297,8.63,823.9,168.7,1174,273,59.9,85.7,2
INC-8490,checkout-service,466,7.81,482.5,93.5,5435,3,61.4,90.0,4
INC-8491,inventory-api,4,3.31,349.0,49.8,200,207,30.8,41.0,3
INC-8492,notification-worker,10,0.05,269.7,72.8,1524,590,93.1,45.5,2
INC-8493,search-indexer,273,2.13,1026.7,173.1,1983,168,69.9,66.0,2
INC-8494,inventory-api,124,0.5,273.7,43.5,1855,24,31.4,39.2,3
INC-8495,auth-service,75,0.05,127.7,50.7,7601,34,45.1,26.8,5
INC-8496,payment-gateway,4719,8.31,761.4,74.8,4905,192,87.6,80.2,5
INC-8497,search-indexer,844,0.5,1053.2,175.9,300,214,81.2,50.7,2
INC-8498,inventory-api,1073,50.0,993.9,84.5,2877,12,83.8,71.3,3
INC-8499,user-profile,1660,15.02,753.7,40.0,5072,235,54.6,57.4,3
INC-8500,inventory-api,186,5.66,235.2,20.0,2037,99,72.4,86.0,3
INC-8501,search-indexer,60,7.48,957.7,139.8,1358,23,91.2,74.8,2
INC-8502,search-indexer,64,1.71,521.7,119.1,769,3,46.2,53.1,2
INC-8503,checkout-service,1320,19.82,195.8,157.2,4219,98,79.1,74.8,4
INC-8504,checkout-service,51,8.69,593.9,76.0,3893,250,93.2,35.5,4
INC-8505,search-indexer,23,0.5,815.6,237.7,3719,7,89.3,82.5,2
INC-8506,notification-worker,17,2.0,298.2,71.4,358,120,23.4,33.8,2
INC-8507,user-profile,99,6.97,809.8,29.0,3774,46,93.8,48.6,3
INC-8508,auth-service,16,0.78,210.7,46.0,16404,332,54.2,31.8,5
INC-8509,user-profile,1921,17.48,150.0,108.2,4036,9,63.4,73.7,3
INC-8510,search-indexer,720,8.65,649.5,169.6,2548,147,45.7,51.6,2
INC-8511,notification-worker,363,7.36,354.7,65.7,1234,23,83.2,77.6,2
INC-8512,payment-gateway,82,10.82,786.6,106.0,6447,191,66.9,74.2,5
INC-8513,payment-gateway,5067,7.61,782.9,81.4,7421,16,51.7,96.0,5
INC-8514,search-indexer,53,3.27,546.9,94.5,963,190,32.1,43.0,2
INC-8515,checkout-service,651,13.49,652.9,146.1,6293,58,93.0,88.7,4
INC-8516,payment-gateway,5671,15.67,330.0,120.2,6445,149,65.6,78.6,5
INC-8517,auth-service,28,0.39,146.3,48.3,7151,105,55.3,60.3,5
INC-8518,auth-service,19,3.87,180.5,33.2,7732,29,10.0,27.6,5
INC-8519,order-processing,807,29.01,1206.7,244.2,5443,9,99.0,71.2,4
INC-8520,auth-service,82,4.4,352.1,38.8,7516,36,92.0,77.3,5
INC-8521,auth-service,895,20.76,999.6,40.0,9550,273,83.9,71.9,5
INC-8522,user-profile,1305,6.53,269.8,38.9,5402,134,53.8,36.5,3
INC-8523,order-processing,1961,14.79,1496.7,74.0,3386,124,63.2,68.6,4
INC-8524,order-processing,48,2.9,545.5,97.3,2487,244,68.5,68.2,4
INC-8525,checkout-service,34,1.54,317.4,50.8,3786,350,92.5,17.1,4
INC-8526,notification-worker,22,7.59,229.0,85.0,1110,52,88.3,75.9,2
INC-8527,notification-worker,2004,5.43,581.9,47.6,2539,75,58.7,66.4,2
INC-8528,auth-service,4172,19.96,400.3,40.0,10964,57,79.2,80.5,5
INC-8529,user-profile,3,1.93,231.8,20.7,3403,144,93.0,41.8,3
INC-8530,payment-gateway,1337,2.05,267.3,120.4,4165,37,56.5,78.4,5
INC-8531,auth-service,43,3.34,173.4,39.0,7320,22,36.1,46.8,5
INC-8532,checkout-service,33,1.08,274.0,101.1,4111,225,15.3,40.4,4
INC-8533,checkout-service,2133,18.57,724.1,128.7,8376,3,88.4,93.5,4
INC-8534,auth-service,6747,32.35,686.2,92.8,23200,11,95.8,91.1,5
INC-8535,auth-service,48,0.76,132.3,21.6,6955,417,42.5,54.4,5
INC-8536,search-indexer,1539,8.89,1129.6,159.9,2152,37,48.4,73.3,2
INC-8537,checkout-service,396,6.94,350.9,183.1,2502,8,43.9,69.8,4
INC-8538,order-processing,471,12.73,522.8,161.0,2386,30,64.5,83.4,4
INC-8539,search-indexer,151,0.05,511.3,87.7,1132,56,35.2,44.6,2
INC-8540,inventory-api,12,1.25,172.6,45.2,2075,281,95.8,34.4,3
INC-8541,checkout-service,152,3.34,233.7,57.9,3493,156,48.0,38.0,4
INC-8542,checkout-service,1241,10.21,199.3,63.3,3399,44,63.0,67.5,4
INC-8543,user-profile,7,2.24,158.3,29.1,3108,93,91.5,63.4,3
INC-8544,notification-worker,238,5.13,752.1,109.1,1548,17,77.3,90.0,2
INC-8545,auth-service,635,2.03,256.4,82.6,15653,189,75.4,64.6,5
INC-8546,search-indexer,16,0.9,558.5,92.1,1076,97,93.9,30.4,2
INC-8547,user-profile,6271,13.32,150.0,40.0,6037,98,98.0,93.8,3
INC-8548,checkout-service,479,9.99,143.5,61.8,6699,28,73.6,84.1,4
INC-8549,payment-gateway,508,1.79,148.3,20.0,11462,195,63.3,57.0,5
INC-8550,payment-gateway,214,2.61,179.1,108.5,5586,43,76.6,88.0,5
INC-8551,auth-service,555,6.75,349.3,67.1,7998,208,66.5,63.1,5
INC-8552,payment-gateway,54,1.61,169.1,34.5,5240,16,92.2,38.7,5
INC-8553,auth-service,8059,6.18,338.9,46.8,8281,2,84.5,82.5,5
INC-8554,inventory-api,3447,32.79,432.0,111.2,800,13,90.7,91.8,3
INC-8555,search-indexer,7,0.64,491.9,108.0,1862,367,23.8,37.8,2
INC-8556,user-profile,314,1.05,196.7,27.6,1583,14,88.8,62.2,3
INC-8557,notification-worker,283,7.04,350.9,135.2,300,40,93.0,43.2,2
INC-8558,notification-worker,605,6.7,413.8,62.0,819,66,93.0,85.1,2
INC-8559,user-profile,1664,2.99,333.7,44.9,1540,404,73.8,90.0,3
INC-8560,auth-service,6564,12.19,150.0,40.0,13726,11,98.0,89.3,5
INC-8561,search-indexer,1,0.05,640.7,82.8,1489,71,37.3,43.2,2
INC-8562,notification-worker,8197,33.16,300.0,262.0,800,142,91.5,78.5,2
INC-8563,order-processing,658,1.6,475.0,155.0,2863,37,79.9,58.6,4
INC-8564,order-processing,1728,13.51,774.5,51.4,2486,161,63.9,80.4,4
INC-8565,notification-worker,2,3.25,283.4,73.2,579,12,10.2,33.8,2
INC-8566,order-processing,20,1.71,385.1,107.0,2520,34,34.2,34.8,4
INC-8567,inventory-api,30,0.05,234.5,68.5,2166,188,15.3,36.7,3
INC-8568,checkout-service,1068,11.91,244.4,103.3,5921,101,84.0,79.6,4
INC-8569,payment-gateway,66,7.44,229.2,69.5,5518,31,64.0,87.2,5
INC-8570,payment-gateway,545,5.91,201.2,60.1,5580,374,86.2,90.0,5
INC-8571,user-profile,3024,16.87,156.3,95.7,5410,44,73.4,75.5,3
INC-8572,auth-service,88,1.61,51.3,21.7,7519,7,57.4,50.4,5
INC-8573,user-profile,7386,12.86,150.0,120.5,4014,25,47.6,77.5,3
INC-8574,auth-service,2135,23.77,497.5,40.0,7916,40,85.5,66.4,5
INC-8575,checkout-service,2624,37.78,454.6,112.7,5720,3,84.1,96.9,4
INC-8576,inventory-api,10438,42.84,592.8,130.9,5428,15,99.0,79.6,3
INC-8577,notification-worker,689,10.42,382.3,87.6,1514,60,35.3,90.0,2
INC-8578,search-indexer,159,1.54,514.3,125.1,2029,119,14.7,42.9,2
INC-8579,notification-worker,393,11.94,682.1,184.8,2112,64,86.3,92.0,2
INC-8580,order-processing,315,5.4,335.6,101.6,3509,24,30.7,56.6,4
INC-8581,auth-service,62,4.27,219.4,37.4,5556,28,24.9,34.3,5
INC-8582,payment-gateway,108,0.97,169.3,43.4,3454,8,40.4,55.5,5
INC-8583,auth-service,573,6.86,190.1,56.6,9153,300,60.3,63.0,5
INC-8584,inventory-api,31,3.15,251.5,42.6,2155,118,59.7,54.5,3
INC-8585,user-profile,299,7.75,311.3,41.9,3993,160,33.5,52.8,3
INC-8586,search-indexer,84,0.58,480.5,121.0,1579,34,47.1,43.8,2
INC-8587,auth-service,22,1.29,200.3,35.0,8015,156,27.2,15.0,5
INC-8588,order-processing,18,3.97,359.2,103.3,3576,49,36.2,40.4,4
INC-8589,auth-service,15,3.87,224.5,21.4,6312,94,22.1,42.1,5
INC-8590,user-profile,42,0.05,308.9,56.8,9110,34,35.6,34.3,3
INC-8591,user-profile,163,2.34,136.4,29.3,3128,36,97.1,29.9,3
INC-8592,notification-worker,1515,42.3,409.3,151.2,800,42,87.7,88.5,2
INC-8593,payment-gateway,2,1.2,201.8,36.1,4369,8,43.6,41.7,5
INC-8594,user-profile,150,9.62,116.8,57.7,2632,5,95.6,67.2,3
INC-8595,search-indexer,23,7.76,801.1,133.6,300,26,57.8,73.8,2
INC-8596,payment-gateway,3673,24.1,428.4,80.0,6381,11,79.3,70.3,5
INC-8597,auth-service,50,3.33,132.3,28.6,13563,9,31.1,49.0,5
INC-8598,auth-service,6,1.83,72.5,10.0,7321,122,40.1,37.4,5
INC-8599,auth-service,18,10.95,275.6,20.0,7981,294,45.3,74.0,5
INC-8600,auth-service,35,1.84,111.9,39.2,7008,535,15.3,43.3,5
INC-8601,inventory-api,14,4.63,253.4,39.5,1318,356,23.3,45.7,3
INC-8602,search-indexer,3314,7.99,1226.3,178.9,2599,47,98.0,78.5,2
INC-8603,inventory-api,1920,5.43,551.2,40.0,2707,55,79.7,76.9,3
INC-8604,inventory-api,1831,17.92,324.6,65.7,2999,32,98.0,92.9,3
INC-8605,auth-service,399,10.03,263.4,91.0,8895,11,87.4,31.9,5
INC-8606,inventory-api,62,1.85,162.8,46.0,1095,5,89.2,34.8,3
INC-8607,inventory-api,50,1.45,163.3,40.2,1847,93,90.1,44.2,3
INC-8608,payment-gateway,39,2.34,132.3,29.3,4172,141,10.0,50.7,5
INC-8609,auth-service,6016,33.19,1086.5,80.0,7922,20,81.2,76.9,5
INC-8610,inventory-api,800,42.19,514.3,222.5,2190,102,74.6,83.5,3
INC-8611,notification-worker,186,4.41,333.6,81.0,300,147,65.3,71.0,2
INC-8612,auth-service,922,3.88,80.0,51.7,13983,480,84.3,75.4,5
INC-8613,checkout-service,210,4.14,80.0,51.8,8631,58,56.4,62.8,4
INC-8614,search-indexer,66,0.05,519.4,131.7,200,5,50.3,41.2,2
INC-8615,auth-service,32,0.46,152.2,25.7,6659,585,10.0,62.1,5
INC-8616,order-processing,352,5.75,655.6,83.5,2345,214,89.2,75.0,4
INC-8617,checkout-service,20,0.05,309.6,50.1,4041,34,37.3,56.2,4
INC-8618,inventory-api,9718,46.06,1217.2,151.8,6720,13,76.4,98.0,3
INC-8619,auth-service,12,2.54,130.9,44.0,11410,11,51.3,22.0,5
INC-8620,payment-gateway,10303,24.55,868.9,198.9,7714,28,95.9,87.0,5
INC-8621,auth-service,1143,31.31,1105.6,80.0,12758,57,90.0,94.8,5
INC-8622,notification-worker,1118,8.69,528.5,20.0,1653,146,51.8,89.1,2
INC-8623,search-indexer,12,4.79,597.0,121.4,1424,329,27.0,32.4,2
INC-8624,order-processing,582,9.51,1044.3,201.1,2454,68,80.1,92.7,4
INC-8625,payment-gateway,23,0.39,196.3,39.0,3548,245,46.7,38.1,5
INC-8626,search-indexer,132,2.1,541.5,131.9,1516,104,22.9,68.1,2
INC-8627,order-processing,3,5.54,525.8,85.1,1996,5,36.6,54.9,4
INC-8628,checkout-service,23,0.05,301.1,56.6,3841,5,22.5,24.9,4
INC-8629,search-indexer,90,3.23,627.6,133.8,1150,124,30.0,43.3,2
INC-8630,auth-service,128,3.87,142.8,46.8,8100,135,47.0,46.1,5
INC-8631,search-indexer,13064,31.44,1410.6,373.0,2361,16,99.0,89.4,2
INC-8632,order-processing,25,2.66,377.2,66.6,2437,58,41.3,62.5,4
INC-8633,user-profile,121,11.46,475.8,58.5,5117,71,64.1,64.7,3
INC-8634,payment-gateway,44,2.92,198.9,48.7,4942,27,22.8,42.9,5
INC-8635,checkout-service,1742,12.18,213.3,133.8,11198,64,82.2,70.2,4
INC-8636,user-profile,127,9.83,342.5,20.0,2637,165,48.0,63.1,3
INC-8637,auth-service,10232,29.97,300.0,97.3,9555,9,90.7,99.0,5
INC-8638,payment-gateway,3864,33.72,1470.9,80.0,4914,1,89.3,81.6,5
INC-8639,auth-service,1171,16.28,181.0,117.3,10539,180,96.0,79.8,5
INC-8640,checkout-service,2,0.05,370.6,66.9,3277,23,22.6,32.7,4
INC-8641,auth-service,26,1.56,165.6,17.7,7722,86,13.1,43.7,5
INC-8642,inventory-api,626,23.38,404.2,70.8,2993,37,83.3,70.3,3
INC-8643,order-processing,378,6.0,1020.4,72.4,3060,69,76.0,79.5,4
INC-8644,inventory-api,93,2.43,217.3,59.5,1454,63,52.9,55.0,3
INC-8645,checkout-service,1240,6.7,480.4,91.4,3813,2,73.7,73.9,4
INC-8646,payment-gateway,7577,20.54,450.2,268.4,5694,98,90.0,87.5,5
INC-8647,order-processing,303,3.64,514.2,57.3,4568,226,42.9,62.3,4
INC-8648,notification-worker,2,2.58,250.7,68.6,571,40,40.5,52.0,2
INC-8649,order-processing,0,1.52,356.9,51.9,2931,50,48.6,34.4,4
INC-8650,search-indexer,103,1.48,769.9,101.4,1698,263,48.0,34.7,2
INC-8651,payment-gateway,4292,25.87,1817.0,93.8,7070,46,91.4,84.9,5
INC-8652,inventory-api,134,3.92,210.6,53.6,2183,11,39.3,34.8,3
INC-8653,search-indexer,144,5.34,703.4,174.5,1686,4,86.4,60.4,2
INC-8654,user-profile,100,2.63,276.4,49.2,4482,28,65.0,78.9,3
INC-8655,order-processing,10103,44.04,1011.4,209.6,10941,11,99.0,92.0,4
INC-8656,inventory-api,6,1.28,309.0,33.2,2776,460,14.8,53.5,3
INC-8657,order-processing,9618,23.71,1089.2,315.1,6289,11,89.2,86.5,4
INC-8658,search-indexer,727,13.94,892.3,130.0,1603,63,60.3,83.3,2
INC-8659,order-processing,16,1.02,437.6,98.5,2085,12,36.6,57.8,4
INC-8660,notification-worker,3442,20.49,716.5,113.3,1146,2,96.1,69.8,2
INC-8661,notification-worker,294,6.6,370.2,97.1,443,96,82.4,49.6,2
INC-8662,notification-worker,593,0.5,834.2,86.3,300,138,37.3,38.3,2
INC-8663,user-profile,108,10.95,211.7,109.8,3180,13,25.2,54.5,3
INC-8664,notification-worker,39,5.95,512.4,132.9,1157,25,87.7,78.7,2
INC-8665,auth-service,610,4.85,303.1,36.1,6999,176,82.3,65.7,5
INC-8666,order-processing,154,1.41,349.5,91.5,2177,30,74.9,67.6,4
INC-8667,search-indexer,514,5.33,813.9,166.1,1885,7,83.4,64.8,2
INC-8668,notification-worker,1356,0.73,513.6,106.1,2420,3,51.1,48.0,2
INC-8669,auth-service,560,2.86,458.5,20.0,15935,58,64.2,58.3,5
INC-8670,notification-worker,5444,25.34,313.3,80.0,903,9,78.3,89.1,2
INC-8671,checkout-service,115,3.65,150.0,112.3,4052,6,88.8,88.6,4
INC-8672,order-processing,1328,2.5,680.7,190.2,3172,26,89.6,67.9,4
INC-8673,search-indexer,10363,24.72,1403.7,319.2,3058,13,78.8,86.7,2
INC-8674,auth-service,7860,35.78,506.9,80.0,6990,38,86.5,89.0,5
INC-8675,payment-gateway,53,1.43,241.7,51.7,4300,134,10.0,31.4,5
INC-8676,payment-gateway,446,7.79,307.4,107.0,5772,19,47.5,79.4,5
INC-8677,payment-gateway,1099,6.29,508.9,48.2,3941,191,42.6,72.1,5
INC-8678,order-processing,1173,24.25,463.0,199.5,4973,7,95.1,96.0,4
INC-8679,checkout-service,183,11.92,80.0,86.1,4302,21,67.4,61.1,4
INC-8680,search-indexer,209,3.48,630.3,119.7,918,212,34.4,42.2,2
INC-8681,search-indexer,115,26.01,860.6,295.3,2725,15,87.8,69.5,2
INC-8682,auth-service,226,7.4,80.0,20.0,7947,42,59.2,67.2,5
INC-8683,inventory-api,30,6.45,375.5,94.5,1152,209,50.0,62.1,3
INC-8684,notification-worker,169,2.83,306.9,94.5,2843,119,53.8,39.7,2
INC-8685,auth-service,797,7.2,200.1,85.6,7857,33,40.9,90.0,5
INC-8686,notification-worker,744,12.04,1041.3,79.5,1576,42,56.5,76.8,2
INC-8687,inventory-api,227,11.08,145.6,44.9,1355,35,66.3,63.0,3
INC-8688,checkout-service,65,1.04,187.7,53.9,3835,23,59.4,26.5,4
INC-8689,checkout-service,53,0.59,236.6,65.8,4377,107,37.8,50.2,4
INC-8690,user-profile,267,9.99,80.0,130.0,3738,473,58.4,32.7,3
INC-8691,inventory-api,15,2.36,188.9,63.8,2374,5,41.2,23.2,3
INC-8692,notification-worker,9724,24.16,1152.1,160.6,1358,24,78.5,84.8,2
INC-8693,inventory-api,7,0.33,246.1,69.0,2220,277,21.9,55.3,3
INC-8694,order-processing,196,0.98,304.5,116.5,3079,417,56.5,40.7,4
INC-8695,order-processing,929,9.27,382.4,20.0,3141,146,47.2,48.5,4
INC-8696,user-profile,15,2.35,230.8,38.6,2561,35,45.9,42.4,3
INC-8697,auth-service,248,8.79,226.9,38.7,14299,44,64.3,58.8,5
INC-8698,search-indexer,1077,14.45,1246.6,248.0,3242,20,65.0,91.0,2
INC-8699,notification-worker,264,0.5,403.1,45.5,1121,182,43.4,60.2,2
INC-8700,payment-gateway,2468,25.32,150.0,107.1,9875,78,83.5,91.5,5
INC-8701,notification-worker,147,2.3,297.0,36.1,815,17,51.8,32.3,2
INC-8702,auth-service,11,4.32,226.2,18.2,7505,409,25.5,49.4,5
INC-8703,notification-worker,20,6.2,236.5,58.1,200,56,29.5,23.2,2
INC-8704,search-indexer,1743,12.71,1366.2,209.2,2328,44,68.8,77.1,2
INC-8705,inventory-api,339,13.11,451.6,59.5,3915,51,58.9,70.2,3
INC-8706,user-profile,11048,45.86,545.6,80.0,2780,12,89.3,70.3,3
INC-8707,checkout-service,19,3.04,336.1,60.5,3640,7,35.1,42.7,4
INC-8708,notification-worker,725,2.98,432.1,118.6,545,73,98.4,78.5,2
INC-8709,auth-service,1624,14.17,150.0,133.8,11727,6,67.1,54.1,5
INC-8710,inventory-api,2157,13.56,855.2,40.0,500,15,60.8,70.8,3
INC-8711,search-indexer,17,1.8,617.1,107.3,3299,299,60.7,31.6,2
INC-8712,user-profile,0,1.54,206.1,30.2,3165,297,24.5,28.2,3
INC-8713,payment-gateway,5307,39.35,460.3,80.0,5845,48,86.9,82.9,5
INC-8714,order-processing,18,1.94,494.5,96.4,2447,126,21.1,28.6,4
INC-8715,user-profile,989,6.98,144.7,37.0,5226,223,76.4,54.4,3
INC-8716,order-processing,120,1.78,422.7,104.7,2106,231,23.7,35.7,4
INC-8717,order-processing,4631,18.87,1368.0,157.1,3017,180,83.1,85.6,4
INC-8718,order-processing,43,2.07,294.2,77.0,2841,126,60.3,34.4,4
INC-8719,checkout-service,10,4.24,254.4,62.1,3042,133,91.9,65.4,4
INC-8720,notification-worker,17,2.43,303.6,66.5,735,54,39.0,28.0,2
INC-8721,notification-worker,1917,11.54,1014.0,209.8,4355,92,62.6,68.0,2
INC-8722,inventory-api,1285,34.89,300.0,80.0,1340,29,78.4,88.2,3
INC-8723,notification-worker,18,7.29,606.2,94.2,678,15,69.7,86.3,2
INC-8724,search-indexer,2409,13.21,1496.0,277.9,3189,29,89.5,60.3,2
INC-8725,search-indexer,3568,7.34,611.2,290.3,500,50,70.0,69.0,2
INC-8726,user-profile,1618,23.26,786.4,83.9,4829,3,73.9,82.1,3
INC-8727,search-indexer,118,0.2,613.1,114.7,1414,172,51.3,58.2,2
INC-8728,inventory-api,2463,7.45,367.4,158.6,3379,40,69.9,66.2,3
INC-8729,inventory-api,143,8.38,474.3,87.7,2146,5,79.2,57.2,3
INC-8730,inventory-api,55,2.98,254.2,15.3,2566,38,31.7,50.5,3
INC-8731,inventory-api,39,7.43,461.1,55.1,2779,79,98.4,61.7,3
INC-8732,order-processing,479,29.32,589.8,72.5,4394,63,78.4,92.5,4
INC-8733,payment-gateway,257,7.13,592.3,58.1,7543,156,66.2,96.0,5
INC-8734,inventory-api,19,0.05,256.8,30.3,2172,312,29.2,47.5,3
INC-8735,auth-service,138,2.43,398.2,20.0,13706,87,68.4,80.7,5
INC-8736,search-indexer,346,28.7,1571.5,261.2,2030,63,85.2,72.2,2
INC-8737,auth-service,84,4.21,221.3,10.0,7907,188,21.9,25.5,5
INC-8738,inventory-api,24,2.64,235.6,39.7,2626,116,52.4,32.6,3
INC-8739,checkout-service,161,6.67,298.2,111.3,11448,103,88.8,45.6,4
INC-8740,auth-service,143,3.69,184.4,20.0,8011,246,60.0,67.4,5
INC-8741,search-indexer,27,0.05,468.5,120.8,830,322,37.3,57.8,2
INC-8742,search-indexer,1417,10.54,940.5,261.2,1836,59,67.9,74.7,2
INC-8743,search-indexer,117,2.09,513.8,135.1,1459,46,98.2,49.1,2
INC-8744,search-indexer,100,12.57,150.0,301.2,717,9,82.7,80.4,2
INC-8745,payment-gateway,76,2.68,275.3,10.0,4944,41,24.7,50.2,5
INC-8746,payment-gateway,15,3.55,164.3,35.6,9545,170,29.4,45.3,5
INC-8747,search-indexer,165,4.65,844.5,113.8,1251,85,35.5,36.2,2
INC-8748,auth-service,15,3.58,140.3,17.0,6984,227,94.2,45.8,5
INC-8749,order-processing,26379,12.41,992.6,428.9,6289,89,72.8,89.3,4
INC-8750,notification-worker,3464,20.86,816.0,157.9,500,210,76.7,96.0,2
INC-8751,inventory-api,6235,15.31,791.6,126.1,4997,43,99.0,77.8,3
INC-8752,auth-service,1473,16.09,150.0,93.8,14025,54,96.7,67.7,5
INC-8753,payment-gateway,3016,15.92,413.6,40.0,6869,35,77.4,81.8,5
INC-8754,notification-worker,142,4.49,401.7,139.5,300,232,66.4,52.9,2
INC-8755,inventory-api,7,2.85,212.6,32.6,1217,202,35.2,19.0,3
INC-8756,notification-worker,1215,8.8,433.0,158.2,3299,9,72.4,57.8,2
INC-8757,user-profile,17806,34.48,493.8,220.3,8185,6,83.7,95.0,3
INC-8758,search-indexer,38,0.05,562.7,119.0,977,23,31.8,59.2,2
INC-8759,order-processing,71,0.64,466.3,109.8,2266,219,34.5,57.0,4
INC-8760,user-profile,2714,8.0,300.0,80.0,3979,16,81.2,89.0,3
INC-8761,checkout-service,11046,25.05,918.3,121.7,828,45,91.7,91.6,4
INC-8762,payment-gateway,76,1.12,218.2,35.9,5423,73,10.0,28.6,5
INC-8763,auth-service,56,2.75,138.2,29.7,7624,308,38.4,47.7,5
INC-8764,inventory-api,172,6.21,337.0,52.9,2280,18,88.8,44.9,3
INC-8765,auth-service,10,1.83,131.0,49.7,6654,77,40.8,52.2,5
INC-8766,inventory-api,470,3.62,139.2,103.7,3475,155,64.0,59.0,3
INC-8767,user-profile,3331,8.25,150.0,186.6,3518,101,86.0,91.7,3
INC-8768,user-profile,3138,7.64,450.8,40.0,3969,54,78.7,75.7,3
INC-8769,order-processing,125,2.66,414.6,95.2,2422,40,40.5,38.2,4
INC-8770,payment-gateway,150,7.91,518.9,89.9,4864,84,63.2,47.7,5
INC-8771,search-indexer,534,7.72,606.6,196.3,1444,63,71.2,64.5,2
INC-8772,payment-gateway,279,0.5,477.4,102.0,5535,95,63.6,62.8,5
INC-8773,user-profile,369,6.44,178.9,38.6,4491,42,61.8,50.1,3
INC-8774,search-indexer,630,7.15,727.1,94.0,778,14,39.2,72.5,2
INC-8775,checkout-service,52,0.05,458.9,72.5,4272,92,74.1,43.1,4
INC-8776,search-indexer,3354,42.13,2169.1,285.1,3734,15,92.8,79.5,2
INC-8777,inventory-api,267,4.53,195.0,20.0,1378,118,85.8,49.5,3
INC-8778,order-processing,69,1.17,415.4,98.6,3664,5,30.7,27.2,4
INC-8779,order-processing,1126,0.5,857.3,121.6,3600,202,56.3,62.8,4
INC-8780,order-processing,100,13.8,1161.2,132.4,4885,14,83.5,82.8,4
INC-8781,auth-service,41,0.9,108.0,31.5,8474,18,28.0,35.8,5
INC-8782,search-indexer,20,2.93,484.1,117.0,934,31,10.0,44.5,2
INC-8783,checkout-service,45,2.13,217.1,56.0,3651,33,41.6,63.4,4
INC-8784,payment-gateway,243,7.06,274.8,76.5,4811,69,91.7,80.2,5
INC-8785,auth-service,1138,16.57,166.7,40.0,7175,7,85.0,75.3,5
INC-8786,inventory-api,71,2.99,271.4,62.2,1511,17,41.6,42.1,3
INC-8787,notification-worker,30,0.05,364.8,56.2,940,19,38.7,57.8,2
INC-8788,user-profile,197,9.61,503.2,77.8,2462,187,34.5,61.0,3
INC-8789,notification-worker,16,0.84,285.3,95.8,1387,91,15.4,16.2,2
INC-8790,inventory-api,1051,6.41,423.3,101.8,3151,13,48.8,51.5,3
INC-8791,checkout-service,4640,23.38,500.0,222.7,4642,18,88.2,99.0,4
INC-8792,inventory-api,3202,29.84,883.4,80.0,1979,9,86.4,90.4,3
INC-8793,auth-service,91,2.15,120.6,10.0,6551,136,29.5,60.1,5
INC-8794,inventory-api,173,0.6,178.3,34.4,2606,39,24.8,74.7,3
INC-8795,checkout-service,5771,16.54,1322.8,203.5,6826,53,82.2,95.7,4
INC-8796,payment-gateway,1051,25.33,150.0,40.0,6084,119,79.1,75.1,5
INC-8797,checkout-service,29,0.3,331.2,47.1,4089,337,29.6,41.2,4
INC-8798,user-profile,11946,37.84,1177.5,80.0,5710,25,90.1,82.6,3
INC-8799,user-profile,134,6.49,391.0,45.8,3304,30,29.8,70.7,3
INC-8800,inventory-api,11894,24.69,904.8,80.0,5617,59,82.6,86.3,3
INC-8801,auth-service,82,1.45,181.5,28.6,7103,167,26.6,59.9,5
INC-8802,inventory-api,2,2.47,263.1,54.8,2696,485,19.4,34.1,3
INC-8803,auth-service,155,4.16,124.7,30.8,6400,28,22.7,46.0,5
INC-8804,payment-gateway,710,10.66,159.5,84.1,4062,33,80.9,61.8,5
INC-8805,auth-service,46,4.26,96.7,10.0,7299,263,12.4,46.5,5
INC-8806,auth-service,32,1.98,296.5,10.0,7569,479,42.3,44.5,5
INC-8807,payment-gateway,257,2.38,278.0,35.1,5335,137,39.1,50.8,5
INC-8808,notification-worker,455,6.67,275.9,98.9,300,166,92.0,46.3,2
INC-8809,checkout-service,1474,25.54,1407.6,118.2,13289,158,57.3,87.6,4
INC-8810,auth-service,113,3.02,213.0,40.5,6635,82,20.7,39.3,5
INC-8811,notification-worker,4,2.09,327.3,74.4,1626,147,26.1,41.3,2
INC-8812,user-profile,18,1.91,117.0,54.7,1999,36,30.5,43.7,3
INC-8813,notification-worker,204,5.99,761.7,75.1,300,330,89.6,88.9,2
INC-8814,checkout-service,100,1.98,247.1,65.3,3940,228,22.5,36.6,4
INC-8815,notification-worker,1121,9.58,437.4,135.3,300,59,58.5,68.7,2
INC-8816,auth-service,100,17.42,777.6,40.0,9285,39,77.1,77.0,5
INC-8817,checkout-service,288,11.6,223.5,132.3,4076,7,63.1,56.9,4
INC-8818,search-indexer,43,0.3,457.2,102.7,3262,201,22.6,15.0,2
INC-8819,checkout-service,53,1.11,319.0,47.7,4235,152,46.3,28.1,4
INC-8820,checkout-service,4,6.04,246.4,57.7,4039,38,39.6,35.0,4
INC-8821,inventory-api,168,10.61,329.5,52.0,925,288,69.6,82.4,3
INC-8822,payment-gateway,7,0.05,110.2,32.1,4427,11,27.3,58.0,5
INC-8823,inventory-api,1,0.05,357.1,25.1,2057,185,18.6,55.4,3
INC-8824,checkout-service,100,18.18,508.1,153.9,5132,19,84.5,76.3,4
INC-8825,checkout-service,21289,24.8,1429.8,210.1,7762,15,98.4,77.9,4
INC-8826,search-indexer,6554,18.04,1274.6,130.9,3522,36,94.2,78.1,2
INC-8827,search-indexer,9,4.04,418.9,111.2,1666,190,39.0,24.7,2
INC-8828,notification-worker,800,39.78,343.0,196.8,800,172,96.8,85.8,2
INC-8829,search-indexer,84,1.74,522.1,147.9,2382,46,99.0,34.4,2
INC-8830,checkout-service,16,3.35,255.8,57.3,4186,33,50.9,61.2,4
INC-8831,order-processing,137,3.34,527.4,140.1,2881,4,34.5,53.0,4
INC-8832,auth-service,4,2.16,258.8,18.9,7548,309,30.1,45.9,5
INC-8833,payment-gateway,376,11.74,160.7,92.5,4423,96,92.0,70.6,5
INC-8834,search-indexer,117,1.54,581.4,126.2,2298,89,95.3,43.2,2
INC-8835,notification-worker,139,1.63,303.1,72.7,505,323,53.8,33.2,2
INC-8836,checkout-service,329,0.5,80.0,61.2,6774,18,46.8,25.0,4
INC-8837,auth-service,29,1.18,231.6,54.0,8391,30,46.0,38.1,5
INC-8838,inventory-api,2137,29.18,445.3,95.5,4412,12,96.6,95.6,3
INC-8839,user-profile,1,0.18,162.8,19.1,3379,178,28.2,35.5,3
INC-8840,search-indexer,68,1.96,442.3,117.8,1454,232,48.9,31.4,2
INC-8841,checkout-service,118,3.22,245.1,73.1,3892,115,23.9,17.1,4
INC-8842,auth-service,38,0.75,134.6,48.6,7341,68,45.9,24.5,5
INC-8843,user-profile,929,3.14,237.4,76.9,5938,10,54.2,66.6,3
INC-8844,inventory-api,29,2.45,98.7,44.5,975,101,25.5,36.2,3
INC-8845,search-indexer,1168,10.04,546.6,163.0,467,211,91.2,41.4,2
INC-8846,auth-service,39,0.28,149.4,36.6,6491,689,35.1,55.7,5
INC-8847,user-profile,1686,9.31,223.2,20.0,4091,39,66.5,62.2,3
INC-8848,user-profile,1401,1.6,92.5,43.0,3876,3,71.7,43.4,3
INC-8849,auth-service,261,6.6,683.0,40.0,11717,82,87.9,86.9,5
